TCGA-21-5787-01,TCGA-34-2596-01,TCGA-34-5231-01,TCGA-37-4141-01,TCGA-39-5031-01,TCGA-43-A475-01,TCGA-63-5128-01,TCGA-68-A59J-01,TCGA-77-A5G3-01,TCGA-90-A4ED-01,TCGA-98-A53B-01
-3.8774,-3.8774,-3.8774,-3.8774,-3.8774,-3.8774,-3.8774,-3.8774,-3.8774,-3.8774,-3.8774
-0.7519,-0.755,4.2178,-1.3308,-0.0685,2.8031,0.0608,0.3528,-0.956,-1.3308,0.9384
-1.1751,2.1794,-0.6128,0.6969,-0.8954,-0.1362,-0.6335,0.0574,0.7537,3.4591,1.1685
-1.8182,-0.3473,-1.2364,-1.8182,-1.8182,2.1226,-1.8182,-1.8182,-0.1557,-1.8182,0.4727
-0.2002,0.2021,1.1976,-1.8997,-0.2553,1.5779,0.7223,1.0805,-1.416,-3.2531,-0.6487
-1.1904,-1.1904,-0.8301,-1.1904,-1.1904,-1.1904,-1.1904,-0.6369,-1.1904,-0.4311,-1.1904
1.4184,3.6576,-1.1087,1.5558,0.8254,-0.0579,-0.8839,-0.2224,-0.4901,-0.5487,-0.4637
1.2553,0.4336,-1.828,-0.6439,-1.0591,-1.3188,1.5352,-1.2538,1.9654,1.0172,-1.031
-0.6055,0.0458,2.6464,-0.4379,2.6163,0.5347,0.3704,0.1074,2.1972,2.7029,0.9278
0.1205,1.1461,-2.8429,2.0753,1.9951,-0.8026,-1.2762,-0.9237,-0.8639,-1.2274,-0.5232
0.895,1.2675,1.783,-0.1797,-1.106,0.8522,0.1838,4.9641,-0.6322,0.2387,-0.4433
-0.4763,-0.0283,0.0896,-0.8045,0.3573,2.5065,5.5991,-0.7556,-1.1824,-0.597,-1.1824
1.0111,-1.1021,0.9225,-0.0301,0.5419,-2.251,-1.8453,-0.3942,0.7243,-2.8675,-0.7741
-1.654,0.06,0.3764,-0.8997,1.8186,-2.3583,1.7768,0.9431,1.1383,-0.7413,-1.441
-2.0147,0.875,-0.7471,-1.0687,-2.0147,-2.0147,-2.0147,-2.0147,1.6647,2.3541,1.287
-1.4842,-1.4842,-1.4842,-1.4842,-1.4842,-1.4842,-1.4842,-1.4842,-0.7699,-1.4842,-0.742
-1.2687,-0.0811,-1.2081,3.3875,-1.0771,1.2195,-1.176,2.6362,1.4062,-1.499,-0.1315
-0.9511,4.7036,0.9832,4.056,-0.9511,-0.9511,0.1167,-0.9511,0.5675,-0.9511,-0.5456
-0.8249,-1.2284,-0.9626,1.0294,1.7249,-1.6261,3.2998,1.2684,0.2889,-0.2872,-1.4773
-2.8535,-0.0266,-1.6007,-0.5925,-1.2751,0.4363,0.8945,1.4973,-0.3076,2.5021,0.2199
-0.8454,-2.1884,-2.1884,-2.1884,-2.1884,-0.6934,-2.1884,1.171,-0.6567,-2.1884,-2.1884
-2.1513,-1.3336,-2.1513,-2.1513,-2.1513,-2.1513,0.6334,-2.1513,-2.1513,-2.1513,-0.0936
1.6616,-0.0071,0.6106,0.0343,0.9448,-3.9207,0.0292,-0.5824,0.5699,-0.7023,-0.2233
0.3527,0.5274,0.9877,2.0036,-0.9117,0.7931,-0.1205,-0.2282,-3.549,-0.3264,0.6995
2.6111,-1.1475,-0.9635,0.5432,-0.4952,0.7619,-1.3435,-0.6229,1.7761,-0.8162,-0.4361
-1.0894,-1.0894,-1.0894,-1.0894,-1.0894,-1.0894,-1.0894,-0.8078,-0.7878,-1.0894,-0.776
1.7067,-0.7119,-0.6301,-0.9485,-0.8193,1.7744,0.7038,3.5663,0.4627,-0.3832,-2.009
-1.0601,1.1223,0.7604,0.4319,-0.6576,-0.2806,3.4047,0.0637,-0.9825,0.0175,1.3785
-1.6683,-0.5294,-2.5547,-0.6905,-0.0876,-2.4551,0.3538,0.4793,-0.2281,2.1605,-0.0184
-2.6807,-2.6807,-1.2776,-2.6807,-0.5651,-0.4272,-2.6807,-2.6807,-2.6807,-2.6807,-2.6807
-1.8801,0.7622,-1.3536,0.9017,4.0183,-0.5458,-0.5006,-0.7574,-0.2085,-0.0151,-1.4086
0.717,0.1399,0.06,1.5773,-0.1824,0.164,4.3685,0.3801,-1.6311,-0.891,-0.9359
-0.7879,1.1384,3.1,1.0441,-0.7648,1.6509,0.1665,1.0621,1.4592,-1.3652,-1.3652
-0.9248,2.074,0.6898,-0.3607,-1.8131,0.7335,1.5469,-0.3558,0.963,-1.952,-1.7315
-0.1035,-0.5589,-0.8228,-1.6778,-1.6778,-1.6778,-1.6778,-1.6778,1.4251,-0.0622,2.5251
2.5645,1.6557,0.3373,-0.3277,1.738,-0.1914,-0.1799,1.656,1.9001,1.3407,0.2794
-1.0904,-0.5443,2.2935,-1.0904,1.1581,0.8278,3.2992,-0.7586,2.5518,-1.0904,-0.721
-1.2609,0.8119,-1.1854,-0.0487,-1.248,1.2129,0.1725,2.6287,2.3418,-0.8421,1.134
-1.3267,0.0669,-1.0522,0.9321,1.2369,-1.0095,3.7691,-0.0548,0.2872,-0.2851,-0.9376
-0.1887,-1.4847,0.489,2.7056,0.1938,-3.122,0.1245,-1.8631,-0.8816,-0.0545,0.3581
-0.2601,-0.7187,-0.0765,1.8386,-1.5487,-0.5071,-1.5497,-3.45,-0.9127,0.3412,-0.2456
-1.0837,-1.0186,0.8991,1.3659,1.6168,0.0372,-0.9296,-4.1326,0.1029,-1.8228,-0.405
0.1295,-1.2597,-0.2105,-2.024,-2.024,0.152,-2.024,0.6805,0.0548,-2.024,-2.024
-2.1845,-2.1845,-2.1845,-0.707,-2.1845,-0.4396,-2.1845,-2.1845,-0.3967,-2.1845,-2.1845
-3.5574,-3.5574,-3.5574,-3.5574,-3.5574,-3.5574,-3.5574,-3.5574,-3.5574,-3.5574,-3.5574
-3.6203,-3.6203,-3.6203,-3.6203,-3.6203,-0.2188,-3.6203,-0.3669,-3.6203,-3.6203,-3.6203
-0.7067,-1.8735,-1.8735,-0.7737,-1.8735,-1.8735,-1.8735,-0.6312,-1.8735,-1.8735,-0.4906
0.7414,-0.8033,-0.7253,1.0222,1.1651,-1.1164,-1.4231,3.5358,0.4931,-2.4798,-0.7606
-3.3453,-3.3453,-3.3453,-3.3453,-3.3453,-3.3453,-3.3453,-3.3453,-3.3453,-3.3453,-3.3453
-2.0439,-2.0439,-2.0439,0.9823,-2.0439,-0.825,-2.0439,-0.0043,-0.7951,-0.4448,0.1997
-2.7293,-2.7293,-2.7293,-2.7293,-2.7293,-2.7293,-2.7293,-0.4538,1.5031,-2.7293,-0.1963
-1.7152,-1.7152,0.8491,-0.0277,-1.7152,-1.7152,-1.7152,-1.7152,0.9572,0.7703,-1.7152
-0.9011,1.286,2.2041,0.3405,1.0982,-1.2201,2.8777,1.3894,1.1648,0.2212,-0.643
-1.778,1.6341,-1.778,-0.9115,-1.778,-1.778,0.4058,-0.7993,-0.7296,2.2234,3.8814
-0.7038,-2.0743,-1.1244,-2.0743,-2.0743,0.5818,1.1812,-2.0743,-2.0743,-2.0743,-0.45
-2.1649,0.846,-0.7266,2.2689,3.006,0.3447,0.4968,-0.5665,0.0637,1.1419,-0.554
-1.1109,-0.4701,-0.4747,-1.963,-0.402,0.711,0.6966,-1.963,-0.2756,1.7461,-1.963
-1.0084,-0.8661,0.6386,-1.6356,-1.5268,0.8295,-1.8213,1.9605,1.0246,2.1319,0.7622
-0.2036,0.9661,1.6421,0.6953,0.1518,-1.4097,1.6799,-0.6659,1.5393,-1.0488,2.762
-2.0832,-0.5612,-1.022,-2.0832,-2.0832,-2.0832,-2.0832,-2.0832,-2.0832,-2.0832,-2.0832
-1.6157,-1.6157,2.5139,-1.6157,-0.9865,-0.9455,0.2635,2.6017,-0.0229,-0.7364,-1.6157
0.2544,-1.9733,0.1589,1.1967,-1.6458,-0.0503,1.1036,2.0414,0.2905,3.7579,1.115
0.8996,-0.4771,0.1013,0.3466,-0.0984,1.1242,-0.5154,4.5443,0.4255,1.1217,-0.7347
-1.2137,0.405,0.5391,-0.9377,4.0804,-1.3923,-0.2105,-0.8633,0.3332,-0.5,1.1191
-0.9211,-0.0451,-0.7276,2.6219,-1.1817,-0.83,-1.5932,4.9454,0.4122,0.1759,-0.5186
-2.0812,-0.7515,1.9994,-1.3659,0.5326,0.9617,-1.0167,-0.7716,-0.5783,0.8308,2.5911
-1.6491,-1.6491,-1.6491,-1.6491,-1.6491,-0.3018,-1.6491,0.6054,-1.6491,1.329,1.6539
-1.4172,-0.2548,3.5483,1.7991,-0.2716,-0.8029,0.1268,0.4484,0.0357,-1.2493,1.3987
-1.0082,-1.9156,0.6901,-1.9156,-1.9156,-0.9055,0.24,-1.9156,-1.9156,1.0082,1.0695
0.0046,-0.7841,1.672,0.5376,0.1365,-0.7767,-3.1309,-1.1065,-1.5172,-0.7617,-1.4978
-2.3521,0.518,-0.6236,0.4957,-0.0979,0.3408,-2.1244,2.9123,-0.1654,0.7461,0.3685
1.2481,-2.4997,-3.0364,1.5804,0.4545,0.2515,0.1206,-0.5048,-0.0582,-0.4012,0.1105
1.0736,-1.8104,-0.4969,1.6153,-1.8104,0.2295,-0.7173,-0.3487,0.6476,2.6583,-0.2577
-1.932,-1.932,-1.1605,-0.8828,-1.932,2.0836,0.7123,0.1414,0.2723,-1.932,-0.6127
-2.3491,-0.7511,-0.3188,-2.3491,0.5958,1.8205,-0.0943,0.6451,-2.3491,-2.3491,-0.4439
-1.63,-1.63,-1.63,-1.63,1.402,2.7998,-1.63,-0.5508,-1.63,0.8641,-1.63
-0.2379,1.4515,3.8897,-0.9171,2.3645,0.8164,0.1828,0.7015,0.3644,0.9909,-0.8221
-1.671,1.4078,-2.1089,1.0576,3.36,0.7652,-0.3483,0.2882,0.3789,1.9835,0.5873
3.9409,0.2377,-0.788,0.609,-1.9637,0.9575,-1.9637,0.3648,-0.1202,-0.6042,-1.9637
-2.3029,0.3534,-0.388,1.1286,-2.3029,-2.3029,-2.3029,-0.6887,-2.3029,-0.0888,-0.506
-0.9367,-0.8731,-0.187,0.1647,0.1267,-2.504,3.4918,0.7875,-0.813,-0.6142,-0.9356
-1.6774,-0.2567,-1.6774,-1.6774,-1.6774,-0.1059,1.7561,-0.8141,-1.6774,0.9351,-1.6774
-1.1783,-1.1783,-1.1783,-0.7765,-0.7329,-1.1783,-1.1783,-1.1783,-1.1783,-1.1783,-0.6731
-1.5478,-1.5478,-1.5478,-0.2046,-1.5478,-1.5478,-1.5478,-0.4424,0.6277,1.9234,1.688
-0.0041,1.5361,-1.5144,1.1613,1.2676,2.9819,-0.0712,-0.6248,-0.8079,2.5911,0.4994
-1.8899,0.0112,1.4918,-1.3505,-0.1783,-1.2529,-1.8899,-0.4586,-1.8899,-1.8899,-1.8899
0.5026,1.1642,-0.8676,-0.4351,1.0655,1.5471,-2.4644,0.8537,-1.6614,2.9679,-0.2535
-0.4468,-0.0113,0.9504,-2.8431,1.9357,-2.954,0.1539,-0.5637,1.3991,0.5487,1.4178
2.0676,-0.8431,-0.8974,-2.0537,-0.7987,-1.6481,1.8379,1.0315,0.0653,-0.6555,0.7325
0.604,-1.1722,1.0752,-0.3007,-1.4273,-1.8179,0.1243,-1.0678,-1.9754,3.3129,1.677
-0.6599,-0.9233,-2.0049,0.8698,-2.0049,-2.0049,-0.8694,-2.0049,0.526,0.2046,0.1469
0.5655,-2.2393,-1.5504,-0.1035,0.3066,-1.8859,-0.4763,0.8215,1.3841,-2.5879,1.4085
-1.0934,0.7069,4.0912,1.4723,-0.6692,0.9645,0.6313,-0.5013,-0.1288,2.4686,0.8247
0.1967,-1.8234,3.8417,-1.3893,1.1516,-0.7997,1.0761,-0.204,0.9505,-2.2509,0.6107
0.6182,-0.5049,-2.4703,0.6521,-0.0057,-1.3123,0.1883,-0.2406,0.4121,0.3407,3.2896
-0.6347,-2.1499,-2.1499,-2.1499,-2.1499,-0.4632,-2.1499,-2.1499,-2.1499,-2.1499,-2.1499
-0.2704,-0.2788,1.26,-0.3528,1.2555,1.7683,0.9628,-0.9022,-1.8677,1.6118,-1.8677
-1.0427,-0.064,0.2251,-1.0814,-0.7436,0.332,2.2782,-1.3395,1.6155,2.9262,1.8542
0.3287,0.4974,2.319,0.0887,-0.2546,0.1173,-2.6961,0.3972,-0.4959,-2.6622,-1.2735
-6.4904,-6.4904,-6.4904,-6.4904,-6.4904,-6.4904,-6.4904,-6.4904,-6.4904,-6.4904,-6.4904
-0.6029,-1.5984,2.2233,-0.0997,-0.3454,0.0812,-1.5984,2.8117,-0.2595,0.009,-0.2203
-0.3384,2.1394,-1.0295,0.0692,-1.166,3.0384,-1.9904,0.7805,1.3253,0.2316,-0.1658
-1.7909,0.5474,0.4425,-1.7909,0.3144,-1.7909,-1.7909,1.1971,-1.7909,2.105,-0.3487
-1.5381,3.4522,0.2782,-0.7277,-0.8822,0.5932,-1.5381,-0.1454,0.3712,1.2558,1.151
-0.0858,-0.6175,-1.2564,0.27,-0.1578,-1.279,-0.5086,1.3608,0.0992,-4.3336,0.904
-0.5517,-0.9778,-0.3864,3.1044,0.3693,1.9975,0.7895,0.2605,-1.2733,-1.4291,-0.1652
-0.9011,1.3834,0.4304,1.1897,3.3569,-0.9457,-1.1658,-0.2263,0.1615,-3.3733,-1.2191
-0.6334,-0.1915,-0.914,3.5513,-0.7949,-1.2849,0.6458,0.9375,1.0962,-1.6492,1.8844
0.7367,1.915,-1.411,-0.341,0.855,0.2279,2.8925,1.6338,1.0805,-1.36,0.653
2.6885,1.3441,0.5429,-1.4512,-0.4931,-0.2491,0.5062,-1.857,-0.0936,-2.5656,1.0514
-0.6509,0.9744,3.5419,1.3181,0.0035,0.5855,0.7092,-0.4092,0.335,1.9074,3.5362
-1.5525,1.1179,2.676,1.6916,-0.3513,1.0061,1.7811,1.8896,0.5569,2.462,1.2096
-0.703,-1.7617,-1.0279,-1.7617,-1.7617,-1.7617,-1.7617,-1.7617,-0.5543,-1.7617,-1.7617
-0.2773,2.7846,1.3586,1.6037,-0.9632,-1.7285,1.334,0.186,-0.1194,0.0736,1.1791
1.3094,-2.0124,-0.926,0.1269,0.5662,-2.2326,-1.5513,0.6507,0.8082,-3.2584,0.2774
-1.1799,-1.5713,1.9994,-1.2023,0.5971,2.7537,-1.0223,0.7816,0.2939,-1.5713,1.2554
-0.8264,-1.2567,1.4023,0.4771,2.1797,-1.5128,-2.3121,-0.8273,0.627,-1.9965,1.5047
-0.251,-1.8434,-0.1534,2.3445,0.7662,1.0328,-2.0574,-0.0013,-2.2406,-0.4986,0.8674
0.0719,-0.4019,1.5833,-0.4037,1.8616,1.4177,-0.957,-1.1035,0.604,-3.8583,-1.1393
0.5114,1.2937,-0.747,2.0007,-0.699,-1.7053,0.8727,-2.3374,-0.9245,-2.3698,0.0279
-1.7096,0.2887,-1.1239,-0.9131,-0.1616,2.7335,-1.7096,1.2398,-1.7096,-1.7096,-1.7096
4.5637,1.4128,1.5395,-0.6845,-0.3959,1.0998,1.0748,-0.7363,0.8414,-0.5814,0.7169
-0.2054,-1.3665,-1.5345,-1.2523,1.0949,-1.5345,2.448,1.5724,-0.39,2.1692,-1.5345
-1.6459,1.9303,-0.7088,-1.5742,0.6103,0.9602,1.6236,1.082,-0.6155,2.7142,-1.2874
1.281,0.2803,-1.9007,-1.3491,-0.2087,-1.4284,2.2652,0.9444,0.0764,1.6272,0.8694
-1.2569,-0.7467,-0.7482,-0.99,1.8951,-0.564,-0.8465,-0.278,3.4358,3.2963,-1.2569
1.0781,0.3438,0.249,-0.6501,-1.3578,0.1997,0.6417,5.3305,0.0601,1.7547,-0.2411
1.5805,2.2322,1.7338,-0.4429,0.1396,1.2498,1.4597,1.5277,2.6296,0.5604,-0.0083
0.6742,0.6349,1.269,-1.1225,1.059,-1.1107,3.9156,-0.936,0.0635,-1.1344,-0.9966
-12.9524,-12.9524,-12.9524,-12.9524,-12.9524,-12.9524,-12.9524,-12.9524,-12.9524,-12.9524,-12.9524
0.7562,-2.1441,0.0798,-2.1441,0.2751,-0.1567,-2.1441,-2.1441,0.2624,-0.1695,0.2645
-0.4744,0.4788,0.1375,-3.7182,-0.5001,0.5245,2.9697,-0.1313,-0.3085,0.3546,-0.0259
1.2697,0.1695,-3.5908,-0.3431,0.0245,-1.3887,-0.4548,-0.554,-0.7608,1.4921,-1.0427
1.1648,1.024,0.8087,2.4526,0.0962,-2.4753,-1.2968,0.9944,0.7737,-1.2743,-1.4669
0.8216,3.0174,0.2123,2.6848,1.042,-1.2607,-1.705,0.4805,0.6856,-1.1409,-1.705
-1.0218,-0.6516,0.9829,-1.0501,-0.9996,-1.514,-1.514,-0.99,2.4242,-0.303,1.1698
-12.1626,-12.1626,-12.1626,-12.1626,-12.1626,-12.1626,-12.1626,-12.1626,-12.1626,-12.1626,-12.1626
-1.7439,0.1101,0.45,2.9765,0.3624,0.552,3.853,-0.1141,0.4232,0.8112,0.8306
-1.1178,-1.1209,0.3169,2.2534,0.3902,0.4797,3.8063,-1.0834,-0.5974,0.3881,0.0976
-1.2517,-0.4439,-0.8098,1.4892,0.1948,-0.6965,4.3615,0.2223,0.0481,0.7326,0.6317
1.3027,0.5985,-0.1742,0.9211,-1.6567,-1.6567,-1.6567,0.425,-1.4655,-1.6567,-1.6567
-2.3282,-2.3282,-2.3282,-0.9407,-0.7899,-0.6896,-2.3282,-2.3282,-0.6494,-2.3282,-2.3282
0.3429,0.4896,-0.4139,3.3036,-0.2586,1.4948,-1.117,2.1251,-0.5154,0.392,0.5431
0.0399,0.6569,-0.6389,1.4465,0.1954,-1.9533,-0.1245,-0.5043,0.1512,3.5851,0.7759
-1.6336,-0.5506,-1.1997,-0.2661,-1.6336,-1.6336,-0.7861,-0.4869,1.9027,-0.6747,2.9806
-3.509,-3.509,-3.509,-3.509,-3.509,-3.509,-3.509,-3.509,-3.509,-3.509,-3.509
-5.6069,-5.6069,-5.6069,-5.6069,-5.6069,-5.6069,-5.6069,-5.6069,-5.6069,-5.6069,-5.6069
-3.9083,-3.9083,-3.9083,-3.9083,-3.9083,-3.9083,-3.9083,-3.9083,-3.9083,-3.9083,-3.9083
-7.3352,-7.3352,-7.3352,-7.3352,-7.3352,-7.3352,-7.3352,-7.3352,-7.3352,-7.3352,-7.3352
-1.2273,0.9352,-0.7734,3.7397,2.0101,0.304,2.7832,0.3627,1.6411,1.3282,-0.9162
-0.1812,0.4969,4.4019,-0.4451,0.2944,-1.2002,-0.4969,-1.0123,0.9389,2.259,-0.4506
-1.0578,0.0703,0.7261,0.2233,-0.0641,0.7102,-4.8295,0.4847,1.7997,-2.0231,-0.3584
-1.332,1.2489,-3.0042,2.5137,0.7047,1.2398,-0.0941,0.0357,-0.107,1.911,0.8068
-2.5577,0.3359,-2.5577,-0.791,-2.5577,-2.5577,-0.2401,-2.5577,-2.5577,-2.5577,-2.5577
1.9954,0.1618,-0.8924,-0.1712,-1.18,2.7567,0.6797,0.3179,-0.9052,-0.7259,-1.2607
-0.794,-1.1198,-0.894,-1.1198,-1.1198,-1.1198,-0.6627,-1.1198,-1.1198,-1.1198,-1.1198
1.4038,-0.0399,-0.7587,1.4299,0.2738,-0.1539,-1.1783,1.1627,-0.8233,2.4841,2.964
1.304,0.8987,0.061,-1.1651,0.8133,-1.4344,2.8324,2.2899,0.0948,1.4925,0.1335
1.3409,-0.6834,0.1948,1.3378,1.943,-1.7118,1.8826,1.6717,0.686,-1.3055,0.8267
0.9665,1.5767,2.1801,-1.3466,-0.0374,-0.0094,2.8073,0.0501,0.9078,2.2483,-1.6771
-2.5393,-0.4113,-1.7124,3.4374,0.8095,1.0224,0.1494,0.7875,0.3435,1.3806,0.8035
-0.0653,-1.0522,1.3989,0.1285,1.9571,-2.1098,1.5296,0.741,-0.1062,2.9709,-0.3715
-1.2346,3.2156,1.8319,-1.2766,-1.0934,1.8427,0.8513,-0.3431,0.3595,0.4429,-0.3905
1.0404,0.4056,-0.4374,-0.2693,-0.8518,-0.4475,2.2364,-1.9084,0.6372,2.5155,-1.5649
0.0963,2.2641,-0.5781,-0.2857,1.7407,-1.0261,0.2115,0.6938,0.6453,3.139,2.0958
0.0964,0.5479,-0.5647,-2.5753,0.5275,0.5172,1.094,1.6316,2.8051,1.2806,-0.743
-2.0918,0.317,-0.1754,-1.2173,0.4544,3.2008,-1.2142,3.133,0.7004,0.4981,0.3012
-2.8799,1.0716,-2.7692,1.0466,-0.7074,0.6982,0.4437,-0.9579,-0.3123,1.2326,0.4797
1.4924,-1.6272,1.6272,0.2699,-1.5337,-2.4199,2.0288,-0.4906,0.3607,-0.5969,1.2103
0.4458,1.6835,-1.1252,1.3163,-0.9686,-1.9222,0.1425,-0.4176,-0.2013,-0.5562,-3.0613
0.3767,-0.7408,-0.8377,-1.29,0.4483,0.8184,1.223,0.829,2.0083,-2.8903,1.3565
-1.0392,1.3647,-1.5523,-0.86,-0.6261,0.1353,1.1826,-0.0281,-0.4684,-0.5224,-3.0788
1.903,-1.8116,0.9937,-1.5916,0.9687,-0.6902,1.9167,1.5697,0.0999,-0.7721,-1.3469
0.3996,0.9683,-1.3474,-0.6374,1.9473,-0.0433,1.1746,-1.5224,1.6805,-0.3614,-1.5391
-2.0522,-2.0522,-0.1941,-0.1114,0.0603,-2.0522,-0.8494,-2.0522,0.2163,0.0576,-2.0522
-1.8486,-0.909,-1.1935,3.092,-1.8486,-0.7965,0.3966,-0.0882,-1.8486,1.7778,1.2605
-1.7943,-1.7943,-1.7943,-1.7943,-1.7943,-1.7943,-1.7943,0.9105,-1.7943,-1.7943,-0.5127
-2.6319,0.8123,-0.4819,-1.3276,0.4289,-0.4165,0.6407,-2.1294,-0.115,0.9723,2.0505
-1.6817,2.332,-0.8069,1.4401,-0.9579,0.1148,1.251,0.4195,-1.6817,2.5674,-0.2625
-2.0061,1.5854,-0.1188,1.181,0.6698,2.0013,2.0481,-1.044,0.9444,1.9248,0.3385
0.682,-0.0314,1.3665,-3.625,0.0452,2.0932,-0.0184,1.0649,-0.5487,-0.3634,0.1641
3.9633,-1.5101,-0.221,-1.6813,0.8501,-0.7566,-0.4708,0.2374,1.051,-0.568,0.7474
0.9823,0.8694,0.5153,2.7575,1.0399,1.2044,-0.5834,-1.2486,1.441,2.4597,-1.3435
-1.6412,0.4646,-0.0341,-0.619,1.2478,-1.3788,-3.0513,0.8218,2.0157,0.4959,0.1613
-1.7,0.6589,-0.3109,-1.4736,1.3763,0.4132,1.8344,1.1866,-1.7,-1.7,-1.7
-0.3625,0.5945,0.4185,3.8701,1.1482,0.7396,0.6228,-0.2574,1.6671,1.1373,-1.2424
-0.9132,0.8578,-0.177,-0.6631,-1.5874,0.6425,-0.609,2.7565,-1.0033,-1.4358,2.2671
-0.855,2.43,4.0378,-1.5144,-0.8253,-0.2363,-0.5894,-0.8123,0.2302,-1.5144,-1.5144
-1.8321,0.5353,-1.8321,-0.8884,-1.8321,-1.8321,-0.4279,-1.8321,0.1504,-1.8321,-0.6456
-1.1929,-0.1463,-0.8159,2.7432,0.4672,-1.1929,-0.6396,0.1029,2.2742,2.5537,-0.7877
1.184,1.8812,0.2531,-1.0479,0.4011,-0.1725,0.0181,0.6039,3.2937,-0.9929,-1.4947
-1.4374,0.4612,0.9239,-0.2966,-0.5281,-0.1901,1.5641,2.1803,0.2361,2.9549,-0.3914
-3.2612,-1.6362,-0.385,-0.2305,-0.0062,1.465,0.7186,0.1288,1.6191,1.8482,0.1278
-0.6509,2.9373,-0.8744,1.9912,0.8622,-2.2542,0.4921,-1.7426,-0.7184,1.3308,-0.9429
-1.1266,-0.1839,0.3924,2.0507,0.4801,1.591,0.0903,-2.033,1.3284,2.9699,0.9766
-0.5495,0.3795,-2.0714,2.9987,-0.4974,-2.0714,-2.0714,1.1911,-1.4713,-0.0524,-0.9932
-0.7346,-1.8597,1.3709,-1.8597,-0.684,1.0585,-1.8597,-1.8597,-0.5766,-1.8597,-1.8597
-0.8784,1.2999,-2.4745,-2.4745,-2.4745,-2.4745,-2.4745,-2.4745,-2.4745,-2.4745,-0.5828
-1.7285,1.4862,-1.568,0.6721,1.7232,-1.7285,0.5641,0.6039,-0.0193,3.8956,0.4731
-1.4651,-0.2478,2.9824,2.5896,-0.565,0.7399,-1.4651,-0.1262,-0.0713,1.4894,1.209
1.2355,-2.0147,-1.8152,1.7283,-0.5289,1.7634,0.9066,0.0519,-0.9337,0.3609,0.407
2.3354,1.6523,0.7138,-1.4807,1.5326,1.6308,-0.6429,-0.1017,0.7897,-0.8956,-3.3229
-1.605,-1.605,1.5545,-1.605,1.214,-1.605,-1.605,0.5599,-1.605,-0.1467,-1.605
1.2053,1.1588,-0.427,-1.2778,-0.9906,0.5352,-0.3956,0.2236,-0.5316,4.0412,0.4745
-1.8666,-1.8666,-1.1297,-1.8666,0.7524,-1.8666,-1.8666,0.1136,-1.8666,0.7491,-1.8666
-1.1291,-0.6264,-0.6316,1.2693,-2.098,0.4016,-0.7914,-1.811,-2.0065,0.4173,0.5107
2.1486,-0.5122,2.0962,1.7931,1.1334,0.0293,-1.0624,1.9761,0.848,-1.5172,1.2361
-0.8139,-2.1401,-2.1401,0.8616,-2.1401,1.2999,-2.1401,-2.1401,-2.1401,-2.1401,2.8555
2.375,-0.2422,1.5488,-0.9564,0.2042,0.6593,1.8038,-0.3526,-0.2416,4.2733,-0.4525
-1.7069,0.2875,-0.2338,0.2019,-0.8255,0.9397,0.2966,-1.7069,-1.7069,-1.7069,3.1043
3.4486,-0.2541,-0.9092,-0.3991,1.7842,0.014,-0.6576,-0.5275,-0.8032,0.2563,1.6824
-1.8155,0.3478,-1.8155,1.3019,-0.8595,-1.8155,-1.8155,-0.1115,-1.8155,-1.8155,3.129
-2.4172,1.2611,1.0032,1.7824,0.7027,0.9373,0.9501,-3.3657,0.4101,2.3219,-0.6822
-1.2005,3.2304,1.2652,-0.1974,0.8227,0.3107,2.504,-0.6373,0.7398,3.4979,-0.8095
0.5031,-0.278,0.423,-1.3031,0.5896,-0.3739,-0.2866,0.2927,3.9106,-2.1476,-1.0256
1.0239,-0.8802,-2.2115,-3.2121,-0.0055,-1.4879,-0.2634,0.9416,0.5474,-0.455,0.6705
-2.4049,0.6087,0.53,-0.5399,-0.4124,-3.1662,0.8981,0.4379,1.5646,2.1051,-1.1076
-0.9687,-0.9687,-0.9687,-0.5595,-0.9687,-0.4854,-0.9687,-0.9687,-0.9687,-0.9687,-0.9687
-1.6503,-1.6503,-1.6503,0.9383,-1.6503,0.7792,-0.3365,-1.6503,-0.582,-1.6503,-1.6503
-1.3463,-1.3463,0.5898,-1.3463,0.3148,-0.5957,4.3889,-1.3463,-1.3463,0.8261,-1.3463
1.5732,-0.7645,2.1096,-1.4579,0.3279,-1.0173,2.0482,-1.4579,-1.4579,-0.4841,-0.9888
0.2743,-1.2556,3.3183,-0.9017,-0.3306,-1.2556,2.3982,-1.2556,-1.2556,-0.3318,-1.2556
-0.7371,-0.4313,-1.5126,2.3767,1.8166,0.8011,-1.5932,-2.3994,-0.216,2.8421,2.1479
-0.2707,1.3944,-0.0345,-0.6336,-3.2477,-0.9647,1.6539,-1.4564,-0.6808,0.1766,-0.5564
-1.5201,-0.7535,-3.4498,-1.7655,0.9799,-1.4389,0.521,0.3519,0.5883,0.178,0.2461
-1.4531,-1.4531,2.4196,-1.4531,-1.4531,-1.4531,0.1373,0.578,1.2756,-1.4531,-1.4531
1.5444,-0.219,-1.8903,2.0305,1.0647,-0.6734,0.6189,-2.0452,-1.7353,0.7138,-0.2827
-4.276,-4.276,-4.276,-4.276,-4.276,-4.276,-4.276,-4.276,-4.276,-4.276,-4.276
-2.2169,1.458,-2.2169,-2.2169,-0.883,1.0939,-0.4265,-2.2169,-2.2169,-0.3528,-2.2169
1.2592,-0.0557,0.1544,-0.7383,3.0562,-1.8051,-1.8051,-0.6261,-0.8717,-1.1168,-0.0297
-1.7813,-1.7813,0.2639,0.3549,2.1772,-1.7813,-1.7813,-1.7813,-1.7813,0.541,-1.7813
-0.6094,-0.3895,0.3435,-0.9181,3.4835,-1.1618,0.2031,-1.6486,-0.7826,0.6198,-1.1303
-4.472,-4.472,-4.472,-4.472,-4.472,-4.472,-4.472,-4.472,-4.472,-4.472,-4.472
-1.2626,2.6232,-0.5404,0.5642,0.7412,-0.126,1.1267,-1.4675,0.6873,3.4061,-0.0378
-1.9719,-1.9719,-1.0596,-1.9719,-1.9719,-0.5068,-1.9719,2.0212,-1.9719,-0.0497,0.725
-0.9002,1.3168,1.7345,3.6991,-0.3373,1.4968,0.7644,-0.4364,0.1009,-0.2358,0.635
-1.7437,-1.7437,0.5032,0.6026,-1.4613,-1.4449,-1.5275,1.8595,0.4422,-1.3644,0.7716
1.6489,-1.0802,-0.8696,-1.0662,0.5517,-1.9467,0.8152,0.4993,-1.1017,1.3283,2.3434
-2.7373,-0.716,-0.2835,3.6798,0.267,-2.0772,0.6056,-0.8192,-0.6827,1.9084,1.1514
-1.864,0.4444,4.4091,1.1334,0.9698,0.0612,0.2216,-0.5169,-1.4238,-0.9144,0.2403
-0.644,0.8975,0.4844,1.2733,1.9508,-1.942,-1.3536,-2.5689,0.0837,1.0119,-2.3179
-0.7157,-1.6022,-0.4673,-0.1415,-0.425,1.4813,-0.8741,1.1462,-1.6022,-0.8481,3.3716
-1.5468,0.436,-1.5468,2.308,0.6909,-0.4352,-1.0499,1.8524,-1.1428,0.8851,2.5644
-2.3319,-0.2785,0.6422,-2.5294,3.0827,0.4467,0.5141,-0.4447,-0.0206,1.3024,0.8119
1.119,-2.3186,-2.3186,-2.3186,0.3316,-0.7083,-2.3186,-2.3186,0.5462,-2.3186,-2.3186
-4.1018,-4.1018,-4.1018,-4.1018,-4.1018,-4.1018,-4.1018,-4.1018,-4.1018,-4.1018,-4.1018
1.5371,-0.5951,-1.3579,1.6844,1.0787,-1.7113,1.6384,1.5597,1.205,2.2311,-0.2862
-1.6395,-2.1009,-1.3163,1.9874,-0.283,-0.4167,2.8495,1.4783,0.3852,1.1668,-1.1189
-2.2571,-2.2571,-2.2571,-2.2571,-0.5585,-0.4477,-2.2571,-2.2571,-2.2571,-2.2571,-2.2571
-4.0059,-4.0059,-4.0059,-4.0059,-4.0059,-4.0059,-4.0059,-4.0059,-4.0059,-4.0059,-4.0059
-0.3653,0.6377,4.8808,1.0737,1.5712,0.7005,-1.1228,3.7299,-0.047,-0.1304,0.3051
-0.8897,1.932,-1.1161,0.1901,0.5955,-0.1217,2.8332,0.8185,0.4318,2.3031,-1.1421
-2.0688,1.3834,-1.057,-2.0688,-2.0688,-0.4438,-2.0688,-0.5145,-2.0688,-2.0688,-2.0688
-1.3782,-0.8026,-0.1391,4.4524,-1.0273,1.8367,0.6103,0.248,0.9853,1.0955,2.9758
-2.0425,0.3624,0.9043,0.7623,-0.732,-0.5514,1.9012,1.2534,-2.0425,-2.0425,-2.0425
-2.3275,-0.6462,-1.1084,0.3622,0.9808,-0.5453,-0.5595,1.1008,-2.3275,-2.3275,0.7811
-1.1645,-0.4564,0.295,2.2922,-2.3693,1.6271,0.8555,0.7985,-0.2068,0.4923,-0.2432
-2.8944,1.968,1.2821,0.561,-0.7803,-0.8821,0.1186,-1.262,0.0187,2.3491,1.3382
2.1698,-0.4971,-1.3104,-0.8669,-1.625,0.7613,-0.9884,-0.3567,-0.145,-1.625,-1.625
-1.6232,-0.7267,-0.1868,-2.2914,0.7505,0.241,0.2384,0.4524,2.4314,-3.0196,-0.1136
-1.3441,0.8977,0.0307,-0.3624,-2.8906,-0.455,-0.295,0.7536,0.65,2.7912,1.2162
4.1974,-0.971,-0.5583,-0.2807,0.5389,-1.2366,-0.8618,-1.2366,-0.9319,1.4487,1.4143
-11.0593,-11.0593,-11.0593,-11.0593,-11.0593,-11.0593,-11.0593,-11.0593,-11.0593,-11.0593,-11.0593
-18.5569,-18.5569,-18.5569,-18.5569,-18.5569,-18.5569,-18.5569,-18.5569,-18.5569,-18.5569,-18.5569
-8.2412,-8.2412,-8.2412,-8.2412,-8.2412,-8.2412,-8.2412,-8.2412,-8.2412,-8.2412,-8.2412
-6.778,-6.778,-6.778,-6.778,-6.778,-6.778,-6.778,-6.778,-6.778,-6.778,-6.778
-19.1616,-19.1616,-19.1616,-19.1616,-19.1616,-19.1616,-19.1616,-19.1616,-19.1616,-19.1616,-19.1616
2.1447,-0.4621,0.2903,0.0665,1.1405,1.5438,-1.1651,-1.6787,-1.2611,-1.6787,-1.2447
-0.7592,-0.6761,2.494,0.3154,-0.5069,0.1975,-0.0019,3.3576,1.1744,-0.4275,-1.463
-315.3428,-315.3428,-315.3428,-315.3428,-315.3428,-315.3428,-315.3428,-315.3428,-315.3428,-315.3428,-315.3428
-1.4103,-1.4103,-1.4103,-1.4103,1.1528,-1.4103,0.1749,2.7269,-0.6492,3.903,-0.6194
2.9958,-1.284,-1.0482,1.6121,-0.3381,-0.6114,-1.0222,-0.3277,1.958,2.1223,-1.0627
-1.1077,2.706,2.519,-0.9065,-0.3724,2.4277,-1.1077,-0.71,-1.1077,-0.7959,-1.1077
3.6144,-0.4164,-0.5116,-1.5541,-1.5541,0.3748,-1.5541,1.3379,-1.5541,-0.8515,0.9375
-0.1818,1.2617,1.3382,2.4338,1.7729,-1.3517,0.043,0.9144,0.5322,2.5698,-1.2098
-0.6413,-2.1686,1.9695,-0.4783,3.5552,0.171,-0.177,-0.4776,-1.3247,0.6611,0.0721
-0.5489,0.6237,0.2203,-2.7848,1.2694,1.5783,-1.6329,0.7694,1.8125,-1.614,1.1432
-0.9784,0.3432,-0.6685,4.5563,0.3248,3.0211,-0.3956,-0.9784,-0.9784,3.898,-0.4757
-0.5576,1.5009,-2.0128,-3.1461,0.6547,-0.615,0.8782,-0.3057,1.7521,-0.5087,-0.4986
-1.7246,-1.7246,-1.7246,-1.7246,-1.7246,1.1203,1.6531,-0.7594,-1.7246,-1.7246,0.7493
0.711,-2.0333,-1.2328,-2.0333,-2.0333,0.9623,-2.0333,0.1178,-2.0333,-2.0333,-2.0333
0.1799,-1.3532,1.0144,1.5527,-0.4732,-0.9029,-2.5633,-0.1086,-2.4201,2.1712,0.7689
-1.6012,-0.5598,1.6609,3.5863,-0.3973,-1.2523,1.2432,-0.2705,0.6675,-1.6012,-0.2903
-1.3109,-0.6561,2.112,-1.052,0.5263,3.3216,-0.6144,0.8046,1.4545,-0.4974,0.4422
2.0035,-2.0745,-3.4691,0.1307,-0.3219,0.2435,-0.936,-0.8976,0.1665,1.4544,0.0207
-2.4405,2.7622,-1.2787,0.9276,2.5076,0.1253,-0.6295,0.5496,1.1392,1.0151,-0.1066
-1.3753,1.0218,-0.8836,1.8575,-1.3753,0.0275,-1.3753,-1.3753,1.6947,-1.3753,-1.3753
-1.7727,0.5436,-0.0915,2.0495,-0.3762,0.8911,-2.6669,0.8893,0.395,3.4647,-0.5437
-1.6887,-0.5295,-1.3489,-1.6887,-1.6887,1.4214,0.6021,2.0602,1.1617,-0.9728,1.5231
-0.9564,-1.7159,-0.3892,1.9039,-1.7159,0.6676,-1.7159,-0.3011,-1.7159,1.1984,-1.7159
-2.0005,-0.062,0.4252,0.6295,-2.0005,0.339,-1.1821,1.8192,-0.845,2.2439,1.7106
-1.6938,-1.6938,1.0421,-1.6938,-1.6938,-0.7341,-0.4845,-1.6938,-1.6938,-1.6938,0.6589
-1.4208,0.6228,0.578,-1.4208,-1.4208,-0.0439,-0.0513,-0.9537,-1.4208,2.7996,-0.9008
-0.4696,-0.5288,-0.1723,1.56,-2.018,-0.015,-3.5061,-0.5696,0.0546,0.1294,0.2757
-2.4741,-1.2588,-0.9533,1.1088,0.3003,1.1848,-0.9251,0.3236,1.3595,-2.4741,-2.4741
2.9234,0.271,0.461,-1.1174,0.208,1.788,-0.9907,2.3058,-0.6482,0.0522,-0.6252
-1.3681,1.0746,0.0019,3.8232,-0.5344,0.9662,-0.5904,-1.1069,-0.092,2.5045,0.3837
-0.8769,-2.2432,-0.5176,-2.2432,-0.8154,-2.2432,-2.2432,-2.2432,-0.685,-2.2432,-0.6239
-1.2955,0.5878,-0.6384,0.8701,-1.5555,1.8689,0.9742,-0.3411,-1.6848,2.5238,-0.6802
-1.5514,0.8799,-1.5514,-1.5514,-1.5514,-1.5514,-1.5514,-1.5514,1.9361,1.2565,2.4389
-1.6118,1.212,-0.2571,-0.9983,0.6207,3.8257,-0.121,1.2582,0.3616,-1.4388,0.6548
-0.2114,-2.4164,1.7339,0.0994,-1.2993,-0.0246,-0.2608,0.1023,0.2032,-2.4456,0.2517
0.1912,-0.7147,0.3726,0.6065,-0.286,-3.5177,0.0302,-1.0627,0.8144,1.0779,0.4392
-3.9211,-3.9211,-3.9211,-3.9211,-3.9211,-3.9211,-3.9211,-0.3761,-3.9211,-3.9211,0.0251
-1.4919,-1.4919,1.7318,1.1275,-1.4919,-0.2856,0.9947,-0.8292,-1.4919,2.4261,1.6124
-2.4456,1.7155,0.7256,2.2569,0.0613,-1.834,-0.5776,0.2402,-0.1539,1.2202,0.2609
-0.8214,0.8593,-1.3813,-1.3813,2.8332,2.1841,-1.3813,-1.0429,-1.0188,-0.3571,-1.3813
0.5396,1.1793,1.1016,0.6292,-1.2547,-1.2749,0.7115,-1.4689,-1.057,-3.1197,0.0949
0.0877,0.3698,1.444,-0.476,1.2848,-1.7795,-1.0502,2.483,2.2393,-1.6085,-0.4419
-1.1594,2.2448,0.75,0.104,2.2387,1.9498,-1.0607,-1.4045,-0.9192,4.6885,-1.114
0.4086,-0.283,-0.4341,-0.8825,-1.4906,-1.1479,-0.9647,-0.4825,1.067,-2.2143,3.3836
-1.3396,-1.3396,0.7055,-1.3396,-1.3396,-0.9878,1.5918,2.9268,-1.3396,-1.3396,-1.3396
-0.333,-1.1963,1.047,3.1106,0.7763,-1.0736,1.1402,1.5192,1.5082,0.2385,-0.2976
-0.2271,-3.5917,0.2071,1.7276,-0.1012,-0.7448,0.2653,-0.8303,0.6125,-0.082,0.5077
-2.2512,2.2174,-0.977,-0.1779,2.2499,2.1442,0.378,0.3182,0.943,1.5304,-1.851
-0.7384,-0.1173,-2.6756,-1.5102,-0.8552,-0.7374,1.508,-1.2055,0.6824,-1.8014,1.3167
-0.7861,0.0335,-2.8943,-2.9344,0.4218,1.4165,0.7041,0.4985,-0.5608,-1.8003,-0.1711
-0.7246,3.2479,-0.2435,-0.9123,-0.051,1.6302,1.4911,-0.6148,1.1318,0.2757,0.1009
1.0342,0.2621,1.2501,-2.1866,-0.5231,0.4279,3.2964,0.009,-0.9764,-2.6377,0.4306
-2.3899,-1.4811,1.9041,-1.8246,0.1635,0.2973,1.261,-0.2278,-0.9068,-2.8055,0.6993
1.228,0.1064,0.0679,-1.5328,-0.5834,-2.4869,1.382,-1.9442,0.6489,1.0158,-0.1764
2.8699,-0.8739,-1.0448,0.3374,-0.2871,-2.6711,0.897,2.0204,0.5899,-1.4564,0.6904
4.0854,1.6358,-0.8371,-0.7933,1.7504,1.3671,-0.8729,0.6418,-1.004,1.229,-0.2467
-0.9586,-0.9586,-0.9586,-0.9586,-0.9586,-0.4537,-0.9586,-0.4757,-0.9586,-0.9586,-0.9586
-1.0945,1.7555,-0.8866,-2.8472,-0.1132,0.7827,0.3046,-0.9138,-1.2005,-2.8394,-0.1633
-1.2345,-1.2345,2.6735,-0.2975,2.1951,-1.2345,-1.2345,-1.2345,0.0136,1.4973,-1.2345
-0.1929,-0.48,-0.4142,-1.9524,-1.2427,0.056,0.295,0.7148,4.0196,-0.1388,-0.6524
-0.4982,0.5717,1.8463,-0.2897,1.4347,-3.2038,-0.3175,-1.248,0.7709,1.1913,0.4767
0.8153,1.3046,1.1932,1.0779,1.133,2.5763,1.7299,3.4135,-0.2906,2.3377,-1.1162
-1.0616,3.3336,-0.6849,1.4556,-0.6418,0.9506,0.3136,2.7053,0.6735,0.0594,-0.9681
-1.7331,-0.7703,-1.4014,1.8678,-0.2721,2.0422,-2.0399,0.066,0.7233,-1.4132,0.745
-1.2548,1.2473,3.5251,0.6577,-0.1688,-1.9967,-0.2342,-1.2068,-1.1505,-1.9967,0.4441
-1.699,1.5935,-0.3837,0.9951,0.1562,-0.2395,-0.6427,1.498,0.2932,3.3015,2.597
-0.4614,-0.9095,-0.9095,-0.9095,-0.9095,-0.9095,-0.2809,-0.9095,-0.9095,-0.9095,-0.9095
1.4978,-0.5006,0.1038,1.2948,3.3044,-0.066,-0.6914,-0.5453,-0.9288,-1.6182,-1.6293
-5.2001,-5.2001,-5.2001,-5.2001,-5.2001,-5.2001,-5.2001,-5.2001,-5.2001,-5.2001,-5.2001
1.6556,-0.1189,0.6695,1.3301,0.358,0.096,4.8933,0.8152,-0.6084,-1.2786,-0.2955
-11.296,-11.296,-11.296,-11.296,-11.296,-11.296,-11.296,-11.296,-11.296,-11.296,-11.296
-0.3186,2.0457,1.7385,3.0414,1.188,0.1536,-1.7021,0.6968,0.814,-1.0629,-0.2222
-2.1578,-0.2522,-0.3579,4.3407,-1.352,0.8903,0.2951,0.5931,0.3916,-0.3677,-0.1843
-1.2321,2.4822,-0.6467,-1.7339,-0.0059,-0.1594,-1.7339,-0.7993,2.2227,1.2008,1.8119
0.6292,-1.8527,3.2016,-1.3196,0.6991,-0.7566,-1.0594,0.7292,-0.7327,-0.0305,-1.1824
-0.9497,0.9423,-0.7664,0.3946,-0.5293,-3.1286,1.0128,-0.0946,-0.9754,-1.8284,0.8086
0.4716,1.4311,-0.2859,-0.0333,0.0086,0.4912,1.2555,-2.8089,1.6186,-2.8909,-0.5226
0.212,0.4081,0.2054,3.3056,0.7785,1.5642,1.9784,0.975,0.8811,-1.518,1.8396
-2.4806,0.0891,0.363,1.2878,-0.5024,-1.0768,-0.0162,1.5415,0.6373,2.5156,0.9741
1.1997,-1.4471,0.6047,0.7861,0.6463,-0.6061,-1.4901,4.8979,0.9416,-0.9629,-0.2807
-1.8443,-0.1484,0.1851,3.5293,-0.921,-0.2817,0.7061,-1.1481,0.8333,3.0316,0.2227
-0.5512,2.4282,2.0059,-0.9305,0.9565,2.3676,0.2736,1.9719,1.0121,0.0633,-0.093
-2.3693,-1.0476,0.6506,2.9242,-0.7008,0.7801,-0.3565,-0.1423,-1.0978,2.6404,4.154
-1.0347,-1.0347,-1.0347,1.1015,-1.0347,-1.0347,3.6022,-1.0347,-1.0347,0.8232,-0.5288
-50.4259,-50.4259,-50.4259,-50.4259,-50.4259,-50.4259,-50.4259,-50.4259,-50.4259,-50.4259,-50.4259
-1.926,2.049,1.207,-0.5698,-0.4498,1.8758,-0.0557,0.9839,-1.926,4.8149,1.763
1.9869,0.4923,0.6341,1.6286,1.906,0.2181,-1.2113,2.8663,0.5597,1.0573,0.2486
-1.5041,-0.3799,2.1343,-1.903,1.7453,-2.9567,1.0676,0.8034,-1.4439,4.4363,-0.0919
-1.3399,2.1301,2.638,1.7908,2.1655,0.6784,-0.1517,-0.6366,-0.8852,0.0069,-1.5105
0.5833,-2.3865,0.3428,0.8018,-0.5648,0.907,-3.8819,-0.9415,0.4202,0.3803,1.4056
-1.6225,-0.3576,-0.4144,-1.2637,1.7368,2.0173,0.9378,-0.0062,-0.6153,2.9759,-0.0302
-1.3228,-1.3228,-0.545,-0.9031,-1.3228,-1.3228,-1.3228,-1.3228,-0.8149,-1.3228,-1.3228
-1.0461,0.247,3.305,1.0224,-1.0461,-1.0461,1.0249,-1.0461,-1.0461,-0.6955,-1.0461
-1.0303,-1.034,-1.6501,-0.6147,-1.0024,0.2949,-1.6501,-0.0997,0.6221,-1.6501,3.2469
-1.9429,-1.9429,-1.9429,-1.9429,-1.9429,-0.4012,-1.9429,0.6368,-1.9429,0.0797,-1.9429
0.9367,-0.8736,1.7098,-1.8217,-1.8217,-1.8217,-1.8217,-0.0452,-0.734,-1.8217,1.3157
-1.8758,-1.1183,-0.5448,-1.1575,-1.8758,2.131,-0.8069,-1.8758,1.9814,1.7798,0.2037
-1.7921,0.857,-0.9677,-0.7018,-1.7921,0.8247,0.245,-1.7921,-0.0655,0.3108,-1.7921
-1.9667,3.1764,-0.481,-0.8579,-1.9667,-1.9667,2.4161,0.2244,-1.9667,-1.9667,-1.9667
-0.1041,4.2138,-0.1185,-1.8342,-1.8342,-0.7408,-0.4564,0.6228,1.3052,-1.8342,-1.8342
-0.161,-1.6304,-1.6304,-1.6304,-1.6304,-0.7017,-1.6304,-1.6304,-1.6304,-1.6304,-1.6304
-1.7501,1.3898,-1.7501,-0.8593,-1.7501,1.6553,-1.7501,-0.7439,-1.7501,-1.7501,0.1864
-1.6297,-0.3335,-1.6297,-1.6297,0.6692,-1.0195,-1.6297,-1.6297,2.4146,2.01,-1.6297
0.9985,0.0504,2.9797,-0.4568,0.7083,-1.0834,-1.2016,-1.318,0.6948,-2.5618,0.8235
-1.056,1.2712,2.6076,-2.8379,0.2201,0.32,1.9088,-1.2258,0.1016,-0.3522,-0.9007
1.0101,-1.8206,0.2849,2.5791,0.6258,-0.4419,-2.6488,1.7817,-0.9672,-0.0898,0.1929
-2.4234,0.731,-1.0939,2.2691,0.89,0.7929,-2.4234,1.6123,0.5963,1.1986,-0.8449
1.5052,-0.5335,-0.5166,-2.6809,-0.7623,-0.0431,2.4772,-1.6767,-0.067,-0.5757,0.0283
-1.8217,-1.8217,0.5837,-1.8217,-0.8315,0.6361,0.4292,-0.8128,1.2068,-1.8217,-1.8217
0.9699,1.9202,1.1494,-0.3636,1.1154,-0.9706,-0.6302,0.307,2.5902,2.1912,0.1254
-1.4576,-3.4938,-0.2245,-0.8305,1.3039,0.5266,0.5273,-0.7456,0.4986,1.8287,-0.2424
-1.9609,-0.3883,0.2942,0.5005,2.4683,0.8945,1.6357,-0.6727,-1.9609,2.3697,-1.1329
-1.9309,2.9334,-1.1743,-0.1977,1.824,-0.6284,-0.0653,2.1527,-0.1333,-0.1875,-0.2306
-1.6434,-0.8393,-0.6501,1.657,1.5439,1.6988,2.347,1.7219,-0.4178,0.9239,0.9836
-2.3929,1.2957,-1.1663,-0.9677,2.4453,0.4604,-1.2646,1.4514,-0.1184,0.3412,-0.5257
0.9802,0.011,-0.5935,-0.7069,-0.2015,0.2217,1.3018,-0.3561,-1.3816,1.6468,3.3461
-1.8527,-0.5242,-1.1432,-0.9142,-0.8235,1.6048,2.1531,0.1081,-1.212,2.7862,-1.1869
0.3569,1.1467,-0.7581,3.5356,1.1416,-1.6181,-0.7162,-0.3433,0.3282,2.2243,0.6851
3.3667,0.5216,0.3784,1.4274,1.4424,1.5609,1.0586,0.3112,-0.042,-1.927,-0.6798
-2.1371,-2.1371,-0.2372,-0.7192,-2.1371,-0.4626,-2.1371,-0.5355,-2.1371,1.5641,-2.1371
1.8142,1.0813,-1.2338,2.0304,1.3956,-1.5581,-1.1979,1.31,1.3019,-1.5581,0.4704
-1.2623,2.5341,2.0609,-0.6448,3.0909,-0.5331,-0.3434,-1.2623,-1.2623,-1.2623,-0.4859
-2.0086,-0.0941,-0.1,-2.0086,-2.0086,-2.0086,-0.4759,-0.8452,-2.0086,1.512,-0.7136
-1.3004,1.1149,0.5988,4.4689,-0.2637,0.5911,0.8884,0.1487,-1.3004,-0.9062,1.3773
-1.8233,-0.8431,-1.8233,-0.1762,-0.7929,1.2709,-1.8233,-1.8233,-1.8233,-0.3833,-1.8233
-0.4828,-0.2884,0.1249,1.563,-0.7025,0.6483,-0.2237,-0.3072,3.873,1.0989,-1.0664
0.9339,-0.2462,-0.9998,3.2715,-0.6753,-0.3922,-0.3786,-2.7448,-0.5436,-0.4231,-1.8207
0.1174,0.8235,1.0978,-2.2334,-0.543,-2.496,-0.4124,0.3265,1.5396,-1.8674,1.2233
-3.0465,0.3504,-2.6179,-0.8292,0.2855,-0.0178,-0.353,1.0076,0.4965,2.3091,-0.1936
-0.8726,0.132,3.4977,1.4499,2.088,-0.2516,1.4481,-0.5697,-0.5311,3.5767,0.0061
-2.098,-2.098,-0.1997,2.7466,-2.098,2.0107,-0.424,-2.098,-2.098,-0.4887,1.4691
-1.1051,-0.3936,1.9064,-0.6902,0.0973,0.4731,0.8351,3.573,2.0352,0.6183,-0.5611
-0.7613,1.5416,-1.1901,0.3756,3.0164,1.0727,0.638,-1.09,2.0533,0.2644,0.4511
-1.8321,-1.7137,0.0643,-3.2305,0.4422,-0.4548,0.7731,-0.7511,1.4539,0.6982,0.424
2.5176,-1.9753,-0.2272,0.7173,1.2446,0.3014,-1.2763,0.8732,1.9402,-1.9753,-0.7768
-0.1076,-0.1543,1.4741,-2.2826,-1.3078,2.4745,-0.4826,1.6195,-0.7257,-0.3161,1.5388
-0.6851,0.0562,1.9335,-0.8687,-0.3302,-1.1242,-0.1421,1.6547,1.6733,3.3164,-0.366
-1.1023,2.6784,-0.9623,3.8391,0.5577,0.1796,1.2232,0.74,-1.1023,-0.8073,-0.8629
0.7974,-1.2396,0.2469,-0.907,-0.9526,2.3825,0.747,0.423,-0.2196,-1.3028,2.7969
-1.9583,-1.9583,1.32,-1.9583,-0.7652,0.2544,1.6051,-0.7428,-1.9583,1.7201,0.381
0.3964,-2.4322,-1.4001,1.7229,1.0042,-0.8111,-2.4995,0.3454,0.0316,-1.0964,1.0872
-1.3397,-2.4671,-0.1583,-2.4701,0.4284,-1.6033,0.5146,-0.6896,-0.3024,1.7437,0.4518
-1.6084,0.3891,-2.4005,2.3357,1.6026,0.0906,0.9919,-0.6715,0.7885,-3.0924,-1.0737
-0.8131,2.2821,0.7213,1.7728,1.4917,0.1056,0.2534,-2.8012,-0.6111,-1.5211,-0.6648
-5.3956,-5.3956,-5.3956,-5.3956,-5.3956,-5.3956,-5.3956,-5.3956,-5.3956,-5.3956,-5.3956
-1.3579,-0.1592,0.2958,-2.1871,2.678,-0.3209,-1.7726,0.5588,-2.0527,-2.7912,1.1213
1.8406,-1.9224,1.098,-0.7088,-1.9224,-0.0379,-0.9034,0.2817,-1.9224,1.24,-0.4338
-3.876,-3.876,-3.876,-3.876,-3.876,-3.876,-3.876,-3.876,-3.876,-3.876,-3.876
-1.7276,1.8938,-0.4953,-1.7276,-0.708,-1.7276,-1.7276,0.0897,-1.7276,1.416,-1.7276
-0.3306,-1.539,0.431,0.357,-1.539,-1.539,2.3819,-1.539,-1.539,-1.539,-0.1333
-0.5039,-0.4701,1.146,-0.3181,1.8082,-0.7966,0.6695,1.5238,3.7281,0.8464,-0.1895
2.1886,-0.8757,0.2758,1.1639,0.0628,0.7582,-2.2898,3.686,-0.1356,-0.7425,-0.7798
-0.2655,-1.3706,-0.792,-0.3119,-1.3706,2.5724,1.8804,-0.0821,-0.7146,-1.3706,2.7231
-0.3289,1.1701,0.0605,-1.1152,-2.0204,-0.1591,-2.0204,-0.9979,-2.0204,-2.0204,2.6659
4.1807,-0.527,-1.5401,-0.0896,-0.0852,-1.1985,1.8044,0.0547,0.7771,-2.2719,-0.1769
-0.3302,1.9465,1.0498,1.5287,2.4492,2.1686,-0.822,1.2552,-0.071,1.8913,-0.6934
2.5073,-0.6604,0.05,-1.5073,-0.8727,1.1106,0.5009,-1.0031,0.4092,-2.9793,-0.3984
0.9494,-0.5644,1.3615,2.8392,0.0182,-3.3982,-0.9299,-0.7282,0.7521,-2.0724,-1.2106
0.1893,2.2733,-0.5536,2.8426,0.8981,2.2139,-2.077,-0.2391,2.1315,0.2003,-0.5536
-1.4811,-2.2915,2.2907,0.8839,-0.8069,-0.1895,-2.2915,0.5372,-0.1476,0.3196,-0.08
-0.7497,-0.0561,2.2351,2.4218,1.6328,2.9045,0.3529,0.0072,-0.5133,-0.3034,0.2477
-0.1349,-1.2256,-0.0981,0.5513,1.9102,-0.8617,-1.2256,3.1437,-0.8528,2.1112,0.0058
-1.9771,0.1673,-2.8703,2.5778,0.2213,-1.1003,-0.4567,-2.0513,0.3185,1.3315,0.3248
1.1392,2.4322,1.1129,-1.183,1.5903,0.7432,2.5881,1.322,-0.2303,-0.2637,-0.198
0.2848,2.3301,-1.0184,-0.3193,-0.953,1.6556,1.6025,2.1637,-0.2648,1.7196,-0.3617
-2.3336,0.7179,-1.39,-2.3336,-0.82,1.3918,-2.3336,0.5498,-2.3336,-2.3336,0.1499
-1.1418,3.0968,1.0893,-0.5993,1.6952,0.2742,2.2766,-0.4881,-0.0061,-0.1621,0.4374
-1.4062,-1.4062,-1.4062,2.6356,-0.9485,1.1066,-1.4062,0.4531,-1.4062,-1.4062,-0.2111
0.3732,0.7015,-0.546,3.2958,-0.5388,-1.5306,0.0592,-1.7768,-1.7372,-0.6575,0.7705
2.1717,-0.7794,-0.771,0.7708,-0.8642,-2.0645,-0.5671,0.4786,0.6594,-2.9797,2.0498
-5.251,-5.251,-5.251,-5.251,-5.251,-5.251,-5.251,-5.251,-5.251,-5.251,-5.251
-2.3447,-0.8365,-2.3447,-2.3447,-2.3447,-2.3447,-2.3447,-0.7295,-0.6144,-2.3447,1.7953
0.7765,-0.5383,0.2658,0.133,0.2182,0.2361,-1.3527,4.8967,0.7309,0.4587,1.2688
-4.6979,-4.6979,-4.6979,-4.6979,-4.6979,-4.6979,-4.6979,-4.6979,-4.6979,-4.6979,-4.6979
-1.4461,0.0695,-1.4461,1.3337,-0.6444,-1.4461,0.506,0.2209,1.3273,3.5005,-0.5581
-0.666,-1.1218,-1.1218,-1.1218,-0.6455,-1.1218,-1.1218,0.9591,3.18,2.8793,-1.1218
-1.7799,1.2841,0.487,0.4631,0.4655,3.1975,0.3272,1.2116,0.9983,0.9746,-1.7799
-0.171,2.2636,1.8955,-0.2227,0.2927,0.3588,-1.4605,-0.595,3.9943,-0.6092,-0.3223
-1.9005,-1.9005,-1.9005,0.2829,-0.1333,-0.8267,-1.9005,1.0262,1.1827,-1.9005,-1.9005
-2.2187,-0.8842,0.126,-2.2187,-0.8159,-2.2187,-2.2187,0.2817,2.0716,-2.2187,-2.2187
3.1465,0.3492,1.7185,-0.4091,-1.2593,1.4265,2.5862,-0.1816,0.3859,2.1161,-0.7986
-0.5013,-0.369,-2.906,1.6035,-1.2362,1.3582,0.1685,-0.0687,-0.4178,1.315,-0.9347
-1.1752,0.2703,3.7636,-1.6598,-0.6735,0.1404,0.692,0.6974,2.1142,-1.6451,-1.0024
2.1458,-0.9831,2.8705,3.5049,-0.2845,-0.2881,-0.6273,1.2225,0.2246,0.0513,0.58
-1.3396,1.9742,-0.4938,-1.3396,1.5431,-1.3396,1.9442,1.2869,-0.9719,-1.3396,1.5016
-3.4184,-3.4184,-3.4184,-3.4184,-3.4184,-3.4184,-3.4184,-3.4184,-3.4184,-3.4184,-3.4184
-7.4179,-7.4179,-7.4179,-7.4179,-7.4179,-7.4179,-7.4179,-7.4179,-7.4179,-7.4179,-7.4179
-3.884,-3.884,-3.884,-3.884,-3.884,-3.884,-3.884,-3.884,-3.884,-3.884,-3.884
-4.6598,-4.6598,-4.6598,-4.6598,-4.6598,-4.6598,-4.6598,-4.6598,-4.6598,-4.6598,-4.6598
0.9385,0.1854,0.7112,-1.7895,1.0115,0.4141,-2.0056,0.6979,1.8752,-1.6613,-1.8881
-1.2307,-1.1066,0.4886,0.4455,0.9702,1.3008,0.8191,2.769,-0.5678,-1.8173,1.2987
-0.1358,1.0084,-0.5647,2.3853,1.7935,-0.188,0.4831,1.5042,3.9697,1.3014,-0.3849
-1.2077,2.3796,-0.1063,-1.2343,-0.3164,-0.6677,-1.0276,1.0116,3.055,0.6967,-0.1256
-0.7916,1.9142,1.5862,-1.2442,-0.0677,0.0682,0.6966,0.3619,2.6583,-2.6879,1.3511
-2.1252,-2.1252,-2.1252,-0.6131,-2.1252,-2.1252,-2.1252,-2.1252,-0.2956,-2.1252,-2.1252
-2.0927,1.7234,-0.2969,0.7487,-1.0182,-2.0927,-2.0927,-2.0927,-2.0927,2.8393,-0.8741
2.2138,0.314,-0.3551,-1.1709,0.4844,0.5836,0.4909,-0.4954,-1.5047,4.0062,-0.3113
-1.7882,0.6868,-1.9446,3.3024,1.8205,0.6843,1.1673,-0.423,1.1954,2.6138,0.3689
-1.2343,-0.115,0.611,1.754,-0.2653,-1.0235,-1.4591,2.7305,1.7813,-1.4591,2.0092
-1.3665,1.0421,1.3755,2.579,1.7298,0.2357,3.0295,1.8767,-0.5063,-1.3665,2.8333
1.0106,0.8187,-0.6343,-3.4484,0.4559,0.9533,-3.4484,0.672,-1.2124,-0.6274,-0.3178
-1.8526,-1.8526,-1.8526,-0.549,0.4815,1.5574,-1.8526,-1.0218,-1.8526,-1.8526,0.2768
0.3371,0.4448,-1.5292,-2.9322,1.3365,-1.1182,-1.5603,0.3445,0.4318,-2.487,0.8037
-1.9562,1.6177,4.494,0.427,0.2495,-0.7204,-0.6984,-0.7614,-1.1302,1.1294,0.4171
1.8468,1.4107,1.0598,-1.2351,0.4239,1.1835,-2.8478,0.6221,0.1223,0.4503,-1.409
-1.8433,-1.0726,1.0274,-1.1125,-1.0331,-0.9803,-0.7559,1.448,2.0809,0.6546,2.7606
-1.6266,0.1516,1.9613,-2.2063,2.4232,0.2521,-0.8446,0.2634,0.4011,0.678,1.9552
-0.9431,1.0667,0.8186,-0.0688,0.2936,2.8027,-1.5286,2.5223,-0.0356,2.8171,0.2371
-0.794,-0.1059,-1.0077,0.1605,0.3171,0.4944,-1.09,2.1341,-1.5413,3.3154,0.1813
-1.1093,0.9771,-0.0158,4.3001,0.2931,-0.2627,-0.9784,0.4554,3.6795,-0.1867,-0.3647
-0.9659,2.5587,0.3027,0.372,0.3749,-3.1823,0.3388,-0.0154,0.5512,1.4828,0.4737
0.4756,1.15,-2.1252,-1.5556,-1.6998,-0.9413,0.2512,-1.4338,0.426,-2.7205,0.9088
-0.9595,2.7694,4.8324,-0.69,-0.3714,-0.914,-0.7977,-0.3562,-0.903,3.4023,-0.2648
-1.2225,1.1467,-1.0482,0.0364,2.8342,-0.5701,0.6674,0.3917,0.1241,-0.0107,2.4648
1.4027,-0.5849,0.8942,-1.6457,0.5507,2.6514,-0.3164,0.2343,0.4488,2.1008,-1.1072
-0.2694,0.7458,-1.4781,-0.9986,-0.9465,-0.4923,-1.4781,-1.4781,3.4293,0.4735,-0.09
-0.8785,3.6205,2.1176,-0.3594,2.2116,4.3237,-1.3024,-0.4623,0.367,-1.3024,-1.0171
0.2141,-0.3842,-0.3873,3.6685,0.0009,-1.3021,1.8289,-1.0374,-1.2925,3.736,0.4794
-3.6929,-3.6929,-1.4097,-3.6929,-0.2503,-0.0259,-3.6929,-3.6929,-3.6929,1.118,-3.6929
-4.2007,-4.2007,-4.2007,-4.2007,-4.2007,-4.2007,-4.2007,-4.2007,-4.2007,-4.2007,-4.2007
-4.1511,-4.1511,-4.1511,-4.1511,-4.1511,-4.1511,-4.1511,-4.1511,-4.1511,-4.1511,-4.1511
-12.9672,-12.9672,-12.9672,-12.9672,-12.9672,-12.9672,-12.9672,-12.9672,-12.9672,-12.9672,-12.9672
-4.1656,-4.1656,-4.1656,-4.1656,-4.1656,-4.1656,-4.1656,-4.1656,-4.1656,-4.1656,-4.1656
-5.1374,-5.1374,-5.1374,-5.1374,-5.1374,-5.1374,-5.1374,-5.1374,-5.1374,-5.1374,-5.1374
-0.6117,-3.0803,-3.0803,-0.7534,-3.0803,-3.0803,-3.0803,-0.452,-0.2648,-3.0803,-3.0803
-2.7989,-2.7989,-2.7989,-2.7989,-2.7989,-0.3836,-2.7989,-0.4888,-2.7989,-2.7989,-2.7989
-0.2411,-2.0222,-1.3214,-1.0691,-0.9655,-0.0623,-0.6038,-0.9456,1.2098,1.2359,-2.0222
-57.6184,-57.6184,-57.6184,-57.6184,-57.6184,-57.6184,-57.6184,-57.6184,-57.6184,-57.6184,-57.6184
-9.701,-9.701,-9.701,-9.701,-9.701,-9.701,-9.701,-9.701,-9.701,-9.701,-9.701
-3.7036,-3.7036,-3.7036,-3.7036,-3.7036,-3.7036,-3.7036,-3.7036,-3.7036,-3.7036,-3.7036
0.0187,1.5825,-3.3795,0.642,0.8526,-2.7137,0.0613,-0.7433,-0.4681,0.9484,0.377
1.5839,0.9431,3.3648,-1.6757,0.6336,-1.4311,-0.1517,1.5685,-0.7799,-1.6757,0.5465
-2.1945,-2.1945,-1.1747,-2.1945,-2.1945,-2.1945,-2.1945,-0.628,-0.5164,-2.1945,0.8203
-0.5929,-0.0491,-0.1076,4.1456,-0.222,-2.0118,1.0339,-1.3576,0.7175,-1.6947,-0.3237
-4.8565,-4.8565,-4.8565,-4.8565,-4.8565,-4.8565,-4.8565,-4.8565,-4.8565,-4.8565,-4.8565
-0.8149,1.5036,0.2364,0.5948,0.6276,0.2359,-3.2278,0.4986,0.5977,2.9445,-0.2783
0.2243,-1.6879,-1.9547,-1.9797,0.0129,-0.2821,0.3226,-0.7306,-0.3773,-0.5671,-0.9567
-2.5395,-2.5395,1.179,-2.5395,0.7694,-2.5395,0.1117,-2.5395,0.7155,-2.5395,-0.3966
-2.1198,-2.1198,-1.2416,-2.1198,-2.1198,2.8635,-2.1198,1.3579,-2.1198,-2.1198,0.2375
0.1798,-1.1776,-0.7336,1.5896,0.9217,-0.4927,1.8555,-0.5313,-0.5006,-2.3787,1.7818
-1.6729,0.5673,-0.6902,2.2213,-1.6729,-0.1649,-1.6729,0.6877,-0.7855,0.8341,2.7658
2.2475,-1.0886,1.3478,0.3792,-0.68,1.3897,-2.5673,2.7302,-0.9924,-0.1664,0.1463
-1.6863,-1.2806,0.3295,-2.2256,0.5073,0.6103,2.6116,0.2367,0.5044,2.4428,0.4063
-3.3468,-3.3468,-3.3468,-3.3468,-3.3468,-3.3468,-3.3468,-3.3468,-3.3468,-3.3468,-3.3468
-1.7846,0.6526,0.0497,-1.7846,-1.7846,0.4111,2.4983,-1.7846,1.9731,3.1668,-1.7846
-2.1052,-2.1052,-1.1378,-2.1052,-2.1052,0.5999,-0.1474,-2.1052,-2.1052,-0.0668,2.4863
-1.5992,-1.5992,-1.5992,-0.6625,-1.5992,-0.493,-1.5992,-1.5992,-1.5992,-1.5992,-1.5992
0.0711,-3.4037,-0.1148,0.2486,-0.925,0.4381,-3.4037,-0.0475,0.2999,0.0629,0.3308
0.488,-0.6425,-2.1073,-0.7184,-2.1073,-2.1073,-2.1073,-2.1073,-0.4268,-2.1073,-0.361
0.157,-0.689,-0.1558,2.5558,-0.0159,-2.4262,-0.4542,1.1838,-2.0718,-1.4667,-0.1416
-0.285,1.9531,0.536,2.5689,2.5993,-0.8557,-1.4933,-0.025,1.2427,0.8136,0.4317
-0.6618,-0.8949,-0.8051,1.1807,0.7232,-1.1746,-1.2033,-0.4011,2.8148,2.7331,1.1373
-2.2164,0.2797,-1.229,-2.2164,-0.7276,-0.6305,-2.2164,-2.2164,-2.2164,-2.2164,-2.2164
1.322,-0.7217,1.0949,0.7824,0.3585,0.7921,0.2612,0.3612,-1.5032,3.4713,-1.3232
-0.1087,0.9015,-0.2687,0.2006,1.9148,-4.3981,0.5764,-1.3044,0.1095,1.0239,1.1689
0.4085,1.2903,1.9803,-0.9493,-1.202,-1.3383,-0.9218,-3.3167,-0.9163,-1.7001,0.6181
-0.5685,-0.0102,1.0339,2.284,0.3993,-0.6844,-0.4793,-0.253,-1.1877,-2.6207,2.8776
0.3482,0.373,-2.9939,1.0886,-1.0627,0.2503,-3.5827,2.1565,-0.65,0.2203,0.6229
-0.4943,-0.0371,-0.2158,1.1114,2.205,0.3457,-0.9753,3.756,0.7726,0.6158,-0.7668
-0.7447,3.1781,-0.5417,-0.1347,-0.3984,-0.2213,-0.9186,3.3679,3.1346,-0.6646,-0.9186
-0.9072,-1.4606,-0.2753,0.3775,1.7654,-1.6844,-1.2719,0.3188,0.5797,3.2271,0.4404
2.1199,-0.2662,1.0996,2.2271,0.598,-0.8053,-1.8908,2.7345,0.0874,-1.1135,0.4222
-1.0945,-1.0945,2.6817,-1.0945,0.066,-0.7194,4.038,-1.0945,-1.0945,-0.6024,0.7429
-0.6429,2.2127,2.1305,-1.6058,1.5051,-0.287,1.8906,2.505,1.0585,-0.3487,0.5357
-0.4959,0.343,-1.4835,-1.4764,1.3465,0.4447,-3.7345,0.5219,-3.7345,-3.7345,-0.3843
0.4067,1.9851,2.0806,1.2751,0.495,-1.6179,0.6378,-3.2121,-0.1593,-0.002,-0.8707
0.7673,-1.1204,0.2021,-0.3797,-0.8062,1.0423,2.0797,-0.1055,1.6395,-2.4926,0.5999
2.6369,-1.6389,-1.6389,-1.6389,-0.7338,-0.6748,-1.6389,-1.6389,0.0763,0.4921,-0.6124
-3.8244,-3.8244,-3.8244,-3.8244,-3.8244,-3.8244,-3.8244,-3.8244,-3.8244,-3.8244,-3.8244
1.471,-2.1793,-0.4685,-1.2561,0.7505,-1.089,-2.1793,-1.1365,0.9512,-2.1793,-2.1793
-2.4679,3.7015,-0.2138,1.0665,0.5558,-0.6795,-0.0699,-0.3146,0.2919,-0.5028,0.3857
-1.8963,-1.0968,0.4129,-1.8963,-1.8963,0.6273,-1.8963,0.1153,1.6735,0.0824,-0.2485
1.8912,-0.0127,-1.1686,0.1705,-0.8813,-1.0271,-0.9845,3.4728,-1.5091,-2.7233,-0.5183
-3.4357,-3.4357,-3.4357,-3.4357,-3.4357,-3.4357,-3.4357,-3.4357,-3.4357,-3.4357,-3.4357
-0.7788,0.0495,-0.3191,-1.0245,4.1309,-0.5484,-1.0245,0.3506,2.5999,2.9093,-1.0245
-0.2569,0.2048,-2.4261,0.0394,-0.243,-0.5884,-1.7978,-0.0976,1.8584,2.1077,1.1891
1.6646,-0.3133,3.9819,0.3951,-0.2334,-0.2674,0.6545,0.0475,-1.1763,1.3533,1.4832
0.8284,-2.0659,0.5403,2.2834,1.5881,-1.6983,0.6786,-1.4857,1.2849,0.9978,-0.6655
-0.7546,0.2423,-0.7419,0.3533,0.9469,-2.4313,2.9504,-0.9551,0.1103,-2.7742,0.725
-0.7635,-0.4261,-2.2442,1.7022,-0.553,-2.2442,2.5927,-2.2442,-0.319,-2.2442,-2.2442
0.3347,-1.0815,-3.7426,0.1993,0.8243,-1.8639,0.0595,-0.4642,-0.2517,-1.8944,0.3055
-1.8548,1.6137,-1.8469,1.2025,1.916,0.5353,-2.2122,0.3689,0.9054,2.4989,0.3774
2.2226,0.5966,2.5981,0.2291,0.7231,2.909,-1.1267,1.6299,-0.6589,-0.7286,0.2946
0.1898,0.3018,1.9681,0.5467,-2.7891,-0.9925,-2.0542,-1.0935,-2.0552,-0.8198,-0.6532
0.9493,0.8317,-3.7712,-1.4138,0.7586,-1.0665,-0.935,-1.0536,0.7732,-0.6324,0.3079
-1.5998,1.4126,-0.6737,-1.1969,-0.8168,2.4862,-1.5998,0.4758,3.5544,-1.5998,-1.5998
-3.8452,-3.8452,-3.8452,-3.8452,-3.8452,-3.8452,-3.8452,-3.8452,-3.8452,-3.8452,-3.8452
-9.0558,-9.0558,-9.0558,-9.0558,-9.0558,-9.0558,-9.0558,-9.0558,-9.0558,-9.0558,-9.0558
-1.2385,2.5866,2.4022,0.4162,1.942,-0.8643,0.0699,0.7345,1.3221,-1.1548,0.7102
-0.4083,-0.6216,4.1187,0.1396,1.2108,0.257,0.2944,-0.1348,0.2956,3.0883,-0.6388
-0.1081,-1.0083,-1.6099,0.8397,-2.0036,-0.53,0.8707,-1.3988,-1.3557,-0.6058,2.3402
1.3388,0.9974,0.8489,-0.2658,-1.5888,0.3686,1.6233,4.107,-0.077,0.5128,-0.3455
-0.2305,1.1336,3.4147,1.9983,0.7317,-0.7152,2.8819,-0.9063,-0.3632,0.3405,-1.3675
-2.1027,-0.8004,-2.1027,-2.1027,-0.7336,-2.1027,-2.1027,-2.1027,-0.6086,-2.1027,-2.1027
-2.5094,1.9773,0.4418,-2.5094,-2.5094,-0.6853,-0.192,-0.873,0.5776,-2.5094,0.0994
-2.123,0.7917,-0.2282,-2.123,-0.6712,1.5367,1.8393,-2.123,-0.7213,-2.123,-0.6405
-0.0332,0.0362,-0.9704,0.9172,-1.7626,0.0836,-3.0802,0.9145,-0.9892,1.7065,0.2383
-1.2565,1.6559,4.4292,-1.611,-0.356,0.9492,0.3209,-0.936,0.0444,1.2114,-0.2082
-2.0781,-1.0801,-0.738,1.479,0.001,0.6573,-1.6318,1.2213,-0.1985,1.0552,2.7879
-1.8395,0.385,0.1989,-1.8395,-1.8395,1.1124,-1.8395,1.0144,-1.8395,0.475,-1.8395
-1.7142,0.2863,-0.1726,3.8902,-1.2412,1.0029,0.2201,0.2908,0.7234,-1.9869,0.5037
-0.7098,1.3563,0.3155,-1.78,0.0374,-0.204,-1.78,-0.2602,-0.1726,4.2765,1.5329
-0.9256,2.898,-0.6717,0.8067,-0.0117,0.5614,2.3888,-1.397,-1.0008,-1.4332,-0.3684
-0.233,0.1187,-0.7157,0.4578,1.399,0.7301,-1.1347,0.237,3.0482,2.6474,-1.3919
1.0509,-1.134,0.1478,1.0814,-0.2595,-0.177,-1.3443,-1.4267,2.597,-2.1096,-0.9405
0.544,-0.8682,0.487,0.2264,2.7206,-1.0826,0.9942,-0.4195,1.4018,3.0712,0.5181
1.0121,-0.5235,0.0475,-0.0504,1.5957,-2.3481,0.9729,-0.235,1.5726,-2.7901,-0.6918
-2.8392,-1.1077,-2.5814,1.2404,-0.1025,-0.4477,-1.0403,-0.5544,0.8468,1.5341,1.0395
-0.2069,1.836,0.9912,1.7883,-0.614,3.8871,1.2389,0.388,-0.7378,-1.2547,-1.0396
-1.6234,-1.0116,1.7477,2.0529,-0.1346,-0.211,2.0551,-1.3283,-0.9208,0.9181,-0.4139
1.0261,2.9197,0.8475,1.4665,0.8111,-2.5766,-0.1981,-0.5757,-0.471,0.3817,0.1424
-1.5014,0.5384,0.2814,1.3755,-0.1265,-0.6618,-0.7388,-1.1615,-3.1445,1.9095,-1.5941
0.7831,0.3666,0.7122,-1.0555,0.2785,-0.2017,0.2641,3.8509,-0.7481,-1.3582,-0.7871
-2.2512,3.0497,-2.2512,-2.2512,-2.2512,-0.5894,0.3155,0.7002,-2.2512,-2.2512,-2.2512
-1.3709,1.2635,-1.9547,0.5671,0.678,0.7946,-3.3219,1.1411,-0.1555,0.378,0.5813
-1.294,-3.1275,1.3197,-3.1275,0.0519,-0.4587,-3.1275,-3.1275,-0.1436,-3.1275,3.0707
-1.4549,-0.8591,2.8423,2.0911,-0.0591,0.045,-1.4549,-0.8247,-0.6496,1.7539,-0.9386
-1.7843,0.7574,1.2699,0.7307,1.2278,0.3257,-3.812,0.5875,0.0844,1.1953,-0.0885
-2.3152,0.5853,0.8321,-3.4654,0.596,0.3542,-1.4316,-0.3991,-0.0493,-0.1955,1.0594
1.6883,-1.3053,0.5786,1.9787,-0.3458,-2.07,1.4112,0.8208,-0.4866,0.5414,1.4319
-1.9103,-0.1303,1.7424,-0.9246,0.3249,-1.4937,-0.8871,2.5976,2.6689,0.5938,-0.4662
0.0689,0.6283,2.3969,-0.0654,2.5815,-0.7442,1.8832,-0.9866,2.3848,1.3883,-0.0111
-0.2633,1.7277,-1.8813,1.5564,0.6127,0.0272,-2.5337,2.632,-0.9272,0.5791,-2.1838
-0.1141,2.0033,0.1984,-0.322,-3.5547,-0.01,-0.2289,1.5783,0.4084,0.4663,-0.2628
1.2833,0.57,1.7977,-1.2791,-4.7338,-1.2689,-0.0003,0.0751,1.4553,1.3112,0.3731
0.8647,-5.9095,0.4597,-0.9711,0.9483,-0.364,-5.9095,-0.1965,-0.0356,0.1046,0.3138
1.7557,0.641,2.3867,0.1566,1.4092,-0.751,-1.2594,-1.4751,0.5156,-0.7152,1.3308
