TCGA-AA-3664-01,TCGA-AA-3715-01,TCGA-AA-A01P-01,TCGA-AA-A022-01,TCGA-AA-A02R-01
2.5857,2.9261,-0.1552,1.3539,0.4321
-0.7846,-1.4109,-5.4632,-2.2072,-3.5565
-0.9791,-0.9791,-0.9791,-0.9791,2.6595
2.3351,3.1428,1.6893,1.6388,0.809
1.2453,-0.969,0.6733,1.8388,-2.5494
1.4443,1.7207,-0.881,-1.816,-0.1488
-0.7779,-2.5568,-3.7683,0.5577,-1.0636
-0.0874,-0.1746,-0.9343,1.7431,2.566
-0.5201,-0.7243,-1.9492,-3.0286,-1.2381
1.0082,2.5823,0.7827,3.3551,1.0919
0.8572,1.7829,-1.5318,3.2729,-0.4667
-0.738,-1.1601,-1.8552,-3.1128,-2.7652
-0.0329,2.1867,1.7146,2.4904,-1.6952
-2.2384,-2.2384,-1.5621,0.6598,1.0735
-0.2688,-0.5743,0.6893,-3.2324,-1.9107
0.8232,1.9493,1.384,4.1232,1.0652
-0.2352,-0.0885,3.2168,0.6407,0.5249
0.2974,1.2745,0.1419,1.3228,3.4862
-0.9985,1.0764,1.5089,1.9523,3.1507
-0.0815,-1.909,-0.7998,-2.8264,-5.2984
-0.0695,2.0516,-1.9172,-1.7665,0.5107
1.0281,6.154,0.1333,1.2748,0.1496
1.5536,-2.1999,0.0581,2.6217,-1.1462
2.2074,3.6934,0.6852,3.3606,3.0997
2.0256,-0.3465,0.0823,1.7333,2.1139
-1.9986,0.4402,0.5664,3.1997,0.7212
-1.6903,0.9793,2.5917,-1.6903,-0.3944
1.939,-0.7317,1.0321,-3.1147,-0.3665
-1.7911,-3.2835,-2.4411,-1.7198,-1.1029
-0.3801,-3.1564,-3.1564,-1.2841,0.8584
0.4505,-2.5596,1.9108,-1.2131,0.4957
-0.1568,3.2004,3.0925,0.0952,2.1812
-0.1009,-2.0542,-1.6822,-2.4043,-3.7056
2.0096,0.0282,1.8635,-2.0238,-0.1785
1.0588,-1.9799,-1.5557,-0.9619,-3.2218
-1.4597,-1.4597,-0.7012,1.2679,2.2284
2.4864,-1.0547,3.7831,-1.0547,-0.8694
0.2738,2.0569,-2.8703,-0.7482,-2.1259
-1.7225,-1.8089,-2.8032,1.6836,-0.6125
1.6161,2.2541,-1.3056,-0.051,1.4299
1.9033,-2.1557,-2.1557,-2.1557,0.9129
-0.0831,-0.5366,1.3909,1.6416,2.776
0.2347,3.2,1.2469,2.1323,-1.2602
1.4222,-1.3445,2.6126,-1.4987,-1.5719
-2.53,-2.53,-0.1765,1.0401,-2.53
-1.2682,1.7912,0.1522,4.3733,1.9364
-0.4265,1.5757,-2.0587,-2.0213,-2.3464
0.8025,-2.8637,0.4581,-1.7982,-2.8715
-0.4036,2.8511,-0.0659,3.9321,2.504
-1.2018,-0.7429,-3.1407,-1.5566,-1.2159
-1.8331,-0.4759,2.1961,-0.0536,1.4286
-1.4708,-1.4708,-1.4708,-0.1449,2.1961
0.2555,-2.6539,0.6914,-3.8805,-3.3096
-1.4062,0.5305,-0.0678,-0.7797,-4.0324
1.467,-0.7398,2.3392,-1.0867,1.1212
0.1022,1.163,4.4538,0.4833,0.4461
-1.096,-3.5681,-0.8152,-0.6099,-2.6466
0.4888,-1.3613,1.2626,-1.6411,-3.1561
-1.9497,-1.6456,-0.5351,2.4238,-0.7322
0.5825,-2.7369,1.771,1.7102,-2.7369
0.9899,-3.9436,0.2989,-1.5032,-3.4544
0.3842,-0.5026,-0.1783,3.5917,4.6249
-0.5236,0.8316,0.3976,4.1852,2.0911
-0.1206,1.6523,3.039,0.8493,2.0297
1.0402,0.5736,-0.028,3.3062,2.1954
0.7376,1.2226,2.7873,2.7024,0.4579
-2.9571,-1.0972,-1.7582,-1.606,0.2699
0.1871,-2.2769,-2.0337,1.289,1.2076
0.3803,-1.7661,-1.1733,0.1024,2.812
-0.1434,-1.2246,-3.7407,0.4021,-1.0803
-1.774,-1.7828,-0.3917,1.275,-2.6879
-1.655,1.5503,-1.5417,1.9797,0.6807
-1.2868,-2.2757,0.6529,0.742,1.5714
-1.0615,0.7862,-0.5754,-1.9826,-2.7919
1.4779,1.1169,-0.4972,-2.5356,0.7028
-2.3791,-0.1864,-1.6407,1.4176,0.6202
-0.8513,-1.8905,-3.5752,-1.7904,-2.6243
1.8974,1.8991,0.1948,1.2458,2.396
-1.0523,-1.0027,1.0614,1.3618,-2.4453
-1.8955,-1.8955,2.2489,-0.4803,1.7128
1.4006,1.4508,-1.7915,0.95,0.3687
-1.4215,1.4961,-1.0018,0.6653,2.9887
-1.7096,-0.2765,2.5774,-1.7096,-1.7096
-0.1016,1.8837,3.5221,2.1334,0.0861
-1.5854,-1.2341,-1.694,-2.2354,-2.2409
-2.1248,0.1058,1.2075,1.1971,-3.0558
1.0079,-0.0519,3.1684,0.8002,-1.7873
0.7715,1.3213,0.4497,1.9303,-3.3267
0.6183,3.6752,0.9384,-1.158,0.8049
-0.5624,-4.961,-2.1912,-1.0432,-4.961
-0.5058,-0.7744,-3.3576,1.1332,-1.899
-2.8145,-2.1151,-1.216,-1.2833,-2.4216
1.2405,1.5111,1.7166,3.1801,0.8263
-0.6551,2.2015,1.0445,0.6287,-2.4346
0.5997,-1.9531,-3.0346,-0.5817,-3.4371
2.5451,-0.0692,-1.5293,-0.4518,-1.5293
-0.6169,-0.8318,-0.4248,0.0326,-3.6768
0.8166,-0.6339,0.8211,-2.7655,-2.78
-1.3949,0.0818,-1.3949,3.7465,-1.3949
-2.189,-0.4187,0.118,3.7948,-0.2579
-1.2222,-1.1605,0.7742,3.2418,-1.0348
-0.7661,-2.3424,-1.0772,-2.8436,-3.2495
-0.4651,-0.5703,-3.3051,0.0197,-2.433
-2.3281,-0.6472,1.5883,2.3096,-1.686
0.9057,0.709,1.8893,2.4009,-1.6367
0.9691,-0.031,0.2497,-2.7088,1.3467
1.1202,2.7762,2.1671,-0.3169,0.9556
-0.91,1.6834,0.769,-2.8405,-4.015
-0.5519,-0.9302,2.1382,-1.657,1.8169
1.3974,-2.5167,1.6018,-0.4198,-1.1338
-3.348,-0.6799,1.028,0.697,1.3655
-3.4622,-1.397,-0.4914,-1.2433,-3.1697
-0.0032,-4.8726,-0.976,1.939,-1.2624
0.0053,-2.3081,-0.1474,3.3965,-1.0993
1.0934,-1.6247,-0.4481,-4.0296,-1.8551
0.1697,-1.4336,0.5689,-4.89,-5.2251
-0.1089,-1.257,1.6443,-3.2275,-1.5874
0.3726,-3.3646,-1.5699,1.0736,-0.1939
1.2371,0.6762,-1.0335,4.1878,-1.7341
-0.6286,0.1218,1.9633,2.461,-0.4045
2.451,-1.5173,-0.8137,1.6742,-1.5173
1.0923,1.8642,2.608,3.4147,2.3113
-0.4833,1.3754,-0.5754,1.9685,3.6507
0.3635,-0.517,-0.5895,3.958,2.6781
0.4358,1.2823,1.1464,3.912,2.241
1.3861,-1.1999,2.3197,2.1999,1.4854
2.2691,2.2689,0.0592,-0.7833,0.2825
0.9855,-0.0867,2.6286,1.4429,-1.6484
1.8274,1.6724,-2.1022,-1.9688,-1.4821
1.5015,1.4396,1.4496,4.0871,-0.2767
0.1488,-0.11,-0.5443,-0.7449,-3.7861
1.7755,-1.6025,2.1458,-1.6025,-1.6025
2.4484,-0.3503,1.5086,-0.2462,-2.2117
-1.0909,-4.659,0.324,0.3373,-1.3723
0.5899,-0.582,0.297,3.1066,-1.6581
-5.396,-2.3412,-5.396,-5.396,0.6453
0.7635,-1.3192,-2.6,-0.9348,2.5309
-0.6279,-0.8013,0.9594,0.3566,-3.1831
0.0295,-0.3554,0.7389,-1.7282,2.9772
-0.9748,-0.9196,-1.4812,-3.2018,-2.1511
0.8335,-3.2079,1.9554,0.0696,-3.3432
0.2597,1.4286,-0.969,-0.2244,-3.087
-0.0946,1.0062,-0.2152,3.5721,-1.8511
1.3731,-0.9379,-1.999,-3.763,-0.5928
0.1506,0.5107,-0.4274,3.6009,1.1916
-0.0868,-2.2542,-3.6855,-0.4229,-0.7867
-0.6668,-2.762,-0.4129,-1.9921,-5.0869
1.8431,3.3612,-0.4474,-0.2156,1.3734
1.5572,-1.7879,-2.2365,1.1304,-1.489
1.4339,-0.4549,-0.0082,-3.0051,-2.2405
0.3345,2.8479,-0.7952,-0.8074,-1.583
0.767,-2.6382,-2.1622,2.3885,-0.3009
-0.4961,-0.4651,-4.3238,-0.5959,-1.6191
-1.3361,-1.3764,-7.0555,0.5133,-0.0534
0.1123,-1.8958,-1.2048,-1.1726,-4.0927
-0.4599,-3.5896,-0.4274,-1.0886,-3.6906
2.9429,2.0854,0.1342,0.7804,1.9067
-0.6485,-1.4911,2.844,0.9146,-0.6974
-2.5031,-0.2921,-0.0404,0.2884,-2.1375
-1.4506,-1.5721,-0.2863,-1.2303,-3.0539
-0.0839,-1.0951,-0.2834,3.4913,0.8916
0.9531,-0.5151,-0.2616,-2.4628,-2.9273
2.2338,1.2534,-1.5323,0.4744,1.01
0.104,2.5198,1.794,0.5567,-1.7232
-0.6395,1.1738,-2.1756,1.3481,-0.4401
-0.0946,2.9174,1.4829,2.0887,-1.8717
-1.912,0.2813,-0.8685,2.6278,1.3955
-0.1224,1.9016,1.7571,-1.5965,-1.2514
-0.8915,-1.1139,-1.1308,0.4352,-3.7738
-0.0663,-2.2046,0.7797,2.4476,2.057
-0.9516,-0.8911,-3.1974,-1.8098,-4.2704
-1.1272,1.4496,3.5019,0.8719,1.1271
0.8377,-2.8279,2.1081,0.3162,-1.6697
0.5583,1.934,1.933,-1.6726,0.0203
1.8579,2.9521,1.2784,2.3821,0.9633
0.4946,-0.4692,3.5404,0.009,1.4987
-1.2526,-0.8663,-1.2526,3.2902,-0.8217
1.2154,3.6418,-0.6573,0.3294,1.7618
-0.8648,-0.8012,0.7853,0.3269,2.787
-1.1124,-3.0108,-3.3465,0.3115,-1.4928
2.5125,3.3548,2.2069,1.4216,1.1485
0.0051,1.7932,2.0943,3.8341,1.5817
2.1056,1.7529,-1.2641,-1.2614,0.4685
-0.2748,2.6948,0.6483,3.4407,-0.2644
-2.7984,-1.2227,-0.6408,-0.0583,-0.0714
-0.2602,-0.2499,4.3096,3.1993,3.1458
1.2044,0.8091,1.3544,0.4071,-2.7834
-0.6048,2.1817,1.2426,-0.8408,-2.0778
-1.5891,-1.0801,0.2014,0.8181,-5.1306
-2.1598,-2.1598,-2.1598,-2.1598,-2.1598
1.6625,2.9694,1.4022,2.3817,1.1284
-2.1884,-0.6275,1.8723,0.8772,1.7234
-0.9894,1.5161,0.9538,-3.9087,1.2442
-0.6717,-1.8458,1.7301,2.3801,0.302
-1.7517,1.0757,2.623,-0.9185,-1.7517
-0.3619,-1.3985,-3.3151,-2.4508,-1.5986
0.2204,0.6005,0.9501,3.308,-1.9996
0.5159,-1.7627,-1.7627,2.5719,-1.543
0.8905,-2.5343,2.2085,1.3847,-1.7856
-0.1888,2.1888,-1.6783,-0.8629,-1.6783
0.1265,-0.5702,-3.8198,-1.8266,-3.8664
-0.01,-1.3507,-2.8285,-2.0348,0.062
0.9294,-0.7576,-3.9326,-3.0611,-2.0626
-0.1699,-2.7639,-1.9944,-2.2874,-0.1195
0.8297,-0.9269,-3.1027,-3.8525,-3.0625
-0.1018,-3.3686,-1.6228,0.9956,1.8502
2.2685,0.5616,-0.8104,3.0408,-0.7464
1.6345,3.1838,2.3501,0.8023,0.9577
-0.6559,1.5815,0.6436,3.265,-1.3405
-1.5294,2.0761,1.293,-1.5294,-1.5294
-0.8862,-2.8646,-0.4617,-1.4863,-3.6519
2.7084,1.1061,1.0039,-1.8796,-0.8676
-1.527,0.1907,-2.9315,-0.7627,-0.2538
1.0315,2.0389,-0.9636,-1.6457,0.8797
1.6719,-1.6152,3.3314,-0.5328,-1.5425
-0.3424,2.3329,-1.1623,2.7276,-0.3424
-1.8787,0.5965,1.8255,2.2328,1.2917
0.9189,-0.2254,-2.6886,-1.8937,0.4736
-0.7839,2.1577,-1.3159,2.8209,1.6877
1.6052,-0.2739,-0.6976,-2.7149,-0.5198
0.1354,-1.6388,-3.3649,0.5054,-3.3649
1.6493,-1.3021,2.3136,1.5949,1.8313
0.0559,2.9417,-0.3992,4.4058,0.2794
-0.8998,2.8255,0.4315,-0.2312,2.3303
-1.0287,-0.3032,-1.3842,-1.7299,2.1272
-0.3809,-2.5431,0.163,-2.5291,-2.6745
0.3188,-2.3941,-3.0424,-1.2417,0.7063
-2.6245,-0.1703,0.509,1.723,-1.5871
1.6244,2.1371,2.2526,-1.019,0.7004
-0.0496,-2.6409,-2.6409,0.7822,-1.8998
1.4289,-0.3362,-1.0457,-1.398,-2.7679
1.6117,3.3377,1.1499,-0.4426,-1.2489
-2.0662,0.0685,-1.1308,-2.6511,-1.9942
-1.6656,1.5137,0.7059,-1.6656,0.9397
2.5298,-0.1239,-0.6611,0.3757,2.0093
0.9443,-2.094,2.2695,-2.3429,0.7636
-0.6694,-1.5908,-0.8009,2.0878,2.3125
-1.7737,-0.1396,-0.4813,4.9931,-1.7737
-0.5582,-3.7125,-1.5889,-0.3292,-3.016
-1.7874,-1.7874,0.9014,2.2577,-1.7874
0.4627,2.5779,0.9472,4.1058,0.4054
-0.0485,-1.6911,-0.0131,1.1067,-4.292
-1.6178,-1.6178,-0.7438,3.4941,-1.6178
1.0966,1.6411,-0.2271,-0.7816,-2.3818
-1.5687,1.9409,-0.1398,4.5244,-0.8737
2.7999,0.9679,2.2603,0.5304,-0.8632
-0.8371,-1.5553,-3.8996,-1.1526,-1.8106
-0.0662,1.116,-2.6207,-0.1032,0.6409
2.9744,0.8591,0.1496,1.5069,-0.9967
-0.9655,-0.4275,-2.1838,2.3763,1.4714
1.0209,2.1971,1.4925,3.1055,1.9155
0.7731,2.669,-0.6258,2.9524,3.2797
2.0715,1.2787,-1.7953,-1.7953,-0.3313
0.3254,2.0498,-1.576,3.3295,1.0833
-1.2609,-1.2179,3.1253,1.7212,1.4105
-0.3692,-1.6864,-3.8395,-0.2422,-0.0214
-2.5693,-1.7796,-0.0082,0.6486,-1.3351
2.1221,0.0396,0.5177,2.9924,0.7974
1.2248,0.4214,-2.569,-2.3748,-1.9008
-0.3733,-3.3606,-3.1384,0.2521,0.1024
-1.6493,-0.9505,1.6518,2.3353,0.7819
0.4579,1.1638,-2.6694,-1.0465,1.5587
0.3528,1.824,0.8783,5.379,2.788
0.4574,0.935,-2.8734,0.2528,1.0262
0.421,-3.28,-0.591,1.6857,-1.7702
2.296,-0.4672,1.3157,0.1571,-3.4197
0.7517,1.7068,1.7815,-0.1139,-2.0174
-0.6135,-2.5143,2.1336,-1.5556,-1.704
-0.7483,-0.026,-0.8709,4.6811,0.3271
0.3141,0.6612,-3.3967,-2.4177,-0.8736
-1.5121,-1.5121,-0.2387,0.3125,3.2331
0.4022,-1.8244,1.0755,2.3563,-1.3257
1.0291,-1.6885,-0.1203,3.5453,-1.6885
-0.252,2.2019,-1.7275,3.1717,-1.6849
0.7713,0.8407,-0.8095,-3.2943,-1.6331
-2.0405,-0.1644,-2.0405,0.7151,-2.0405
1.1677,-1.3431,-0.2213,4.6428,-1.3431
0.157,0.1978,1.2839,3.1281,-1.6828
1.6602,-0.4385,-0.1462,1.8432,-3.5109
-0.7558,0.5665,0.7384,-2.8527,-3.6751
-1.4115,0.2011,-1.4115,4.3575,-0.2553
0.9189,1.1919,-1.4287,3.453,-0.4266
-1.634,1.2904,1.035,3.9466,0.2296
-0.1538,-4.1748,-1.3892,1.2813,0.5223
0.9339,-3.5767,1.3569,0.0718,-1.4724
-0.0752,0.9264,2.9119,-0.2829,-0.9855
0.3759,3.346,0.7229,4.4607,2.3437
2.1288,3.1716,-0.1733,3.4002,1.036
-2.1303,-2.1303,-0.7076,1.5484,0.9121
0.5853,-1.7362,-0.6279,2.3112,-1.7362
-1.1276,1.9374,0.2099,1.7764,-1.7468
0.3867,3.0999,0.343,2.5299,0.1568
-0.4439,-0.4837,-3.3827,-0.6771,-2.1138
1.0827,2.2777,-0.5163,0.3803,2.3357
-1.5581,1.4182,-1.5581,-1.4424,0.7094
1.2112,0.576,0.8431,-2.4995,2.4181
-0.2575,-3.1562,0.0463,-0.5626,-3.1562
0.9407,-3.0084,-0.588,2.6489,2.7125
0.0924,0.303,3.1894,2.411,1.6276
0.6853,1.4645,3.0166,2.8416,3.4769
-0.7651,1.4927,2.3851,1.7047,4.2802
-0.5684,-1.6286,2.8293,3.959,4.107
1.0948,-0.3807,0.24,3.5542,-1.3065
1.7053,-2.1649,-2.4561,3.1151,0.3241
0.5011,-2.0766,-4.2166,-1.9526,-2.8159
-1.7221,-1.7221,1.8915,-1.7221,-0.5127
-0.5008,-3.6715,-0.7434,0.8413,-0.874
0.576,-0.8508,-4.8234,0.5497,0.3849
-0.4142,0.7125,1.6943,3.1397,2.9153
1.1046,2.3315,-1.2607,0.0182,1.9073
0.5702,-3.2281,0.0514,2.0159,-0.1479
-1.5672,1.5098,0.0301,0.5664,-2.3285
1.6183,-0.0795,2.0673,-0.4086,2.2179
-1.0834,2.7337,0.574,0.0856,-2.305
-0.542,-0.3918,0.6688,2.2214,-2.3769
2.7366,-0.625,-1.2638,1.9308,-0.3209
3.2409,-0.4719,-1.6815,2.121,-0.1198
3.1773,0.0062,3.7751,0.5258,-0.0959
2.757,-0.0252,1.899,1.2019,-0.1381
2.7766,0.4062,1.0454,-0.7111,-1.2282
-1.1399,2.4521,-2.8164,-0.5039,-1.1832
-0.5682,1.1964,0.8085,3.502,-1.1724
0.3998,2.7185,-0.6303,3.3066,0.7737
-1.0085,-1.9105,0.164,-3.357,-1.6589
0.3191,1.3749,-0.6299,-2.3896,-3.1577
0.1992,4.9516,3.1345,-0.9192,-1.6407
0.1012,-2.7279,-7.4183,0.0351,-2.9039
0.6724,2.2337,-1.4614,2.5699,-0.3178
-0.5298,-1.1942,-0.5165,-3.6042,-1.1734
-0.6775,-1.6197,0.3986,2.6935,1.2985
-0.9139,1.2371,-0.3312,3.6822,-1.2453
-0.4103,-0.3639,-1.4099,0.4587,3.2197
-0.7214,-1.3274,-3.5429,0.6904,0.5375
1.0763,0.6741,1.2162,2.9238,3.3067
-1.3388,0.5291,-2.0933,1.7332,1.1565
0.0079,-1.5481,0.8743,-1.5514,-4.1179
-0.3791,-0.3303,-1.3351,4.2382,-0.9027
-2.555,-0.1095,-1.4694,2.0484,-0.0038
-2.3858,0.4063,-0.4519,2.9489,-0.905
0.1545,1.1097,3.2434,3.0306,2.4241
-1.4711,1.7251,-0.4899,-1.1076,2.1975
0.6684,-1.2945,-3.2211,-1.5364,-2.0302
1.592,-0.5542,0.0436,-0.6183,-3.0786
0.0217,-5.0371,-0.3511,0.3883,-3.4076
-0.9825,-2.191,-2.6,-0.902,-0.5505
0.4396,-2.2615,0.8429,-1.0629,2.1391
1.8389,-1.9422,-2.3372,1.1882,0.4325
2.2863,0.5191,2.3287,2.3347,1.0108
-0.3045,-0.2645,-1.57,3.3237,-1.0574
-1.4152,-0.1585,2.0821,3.5933,-1.4152
0.6484,0.4595,-1.2096,-1.4658,2.015
1.0441,-3.2855,-1.1313,0.7512,-4.7945
1.4105,-0.5384,-1.0463,-2.5869,0.2132
1.5755,0.3045,1.3664,7.0591,0.7399
1.9643,1.8829,2.2729,1.7244,2.0114
-0.4734,-1.3514,-0.7297,3.7109,-0.2674
0.2992,2.0545,-2.1155,0.1576,-1.1858
-1.3947,-1.6128,-6.1242,-0.652,-1.5881
-1.9163,0.4581,2.2824,-1.9163,-1.9163
1.8081,1.8073,2.0104,1.7508,-1.2842
-0.1521,2.2451,3.3073,1.1472,1.9566
2.3681,-0.1463,1.0785,-1.93,-0.4481
-1.9083,-1.9083,3.6331,-1.0564,-0.7213
-0.0957,2.2774,2.3216,-0.3029,-0.5448
0.4619,5.7744,0.7528,-1.2969,1.2145
-0.1478,2.2902,2.0885,0.8713,2.9578
-2.508,1.0811,-2.508,2.3304,-0.3757
-1.8736,1.1349,-1.8736,2.8844,-1.2851
1.3888,1.5694,1.1669,-2.0247,-2.0247
-0.4106,-0.9916,-3.4411,-0.1316,-3.226
-1.0766,-4.5739,0.1842,-0.6608,-0.0471
-0.65,0.1094,-0.2175,-0.9455,2.7278
0.0176,-2.3563,-3.7059,-1.9465,-2.5951
1.5367,-0.209,2.8284,2.9278,2.6797
2.6866,1.914,-0.292,-2.3897,-0.4283
0.4703,1.6719,2.1687,-1.7507,1.6707
-0.4135,-3.3356,-0.9719,-1.5729,-3.8701
0.094,0.1304,-0.3306,-1.4274,-3.2326
-0.376,1.5815,-0.2487,3.7711,0.4193
-1.2993,-1.2993,-1.2993,4.7144,-1.2993
-0.1755,-1.7255,-0.6455,4.5603,-1.7255
-1.0444,0.0397,-0.5996,-1.0444,4.5562
0.13,1.9465,-0.2495,2.0446,3.2282
-0.1161,-0.7863,2.8115,0.5766,1.7703
1.3574,-2.9847,0.6213,-0.1599,-2.1562
0.9927,2.5731,-0.5832,1.9198,-0.3072
0.7906,0.0964,-1.5069,-2.0707,-2.7204
-1.5572,1.1073,-0.4768,3.408,1.8522
-0.297,2.4238,3.3759,2.6224,0.8852
1.1244,3.435,-1.0827,0.4818,0.5087
-1.9198,-0.069,0.7195,2.842,-1.5459
0.0484,2.4942,1.0525,0.5973,2.9206
-2.1473,-0.0576,-1.7316,1.5957,-2.1473
-1.1644,2.1732,-0.8152,-1.1644,1.1781
0.0982,5.395,-0.978,-0.5669,0.1954
0.4436,3.7674,-0.2641,-2.3645,-1.0822
-0.0487,3.6184,-0.3323,-0.2515,1.0821
-0.894,0.2424,-4.4751,0.2213,-1.0976
-0.0906,3.1786,1.4185,0.8445,-0.6808
-0.985,-0.4908,-0.517,-1.5763,-3.3081
-0.2883,0.0135,3.4085,-0.6817,0.682
-0.3826,0.9831,3.1457,0.074,0.6036
1.2287,3.2231,1.8343,0.5483,1.976
0.0085,3.3759,0.3553,-0.8229,-0.0135
0.5658,1.8447,-0.9522,2.4857,-3.2902
-0.0969,1.2272,4.3449,2.3273,2.931
0.0788,-0.7606,-0.888,-0.7699,-3.8223
1.1987,-2.7422,-2.6102,0.7817,1.2702
0.8971,-1.8574,2.5683,1.2913,-3.3059
-2.038,-2.038,-0.6271,2.1672,0.3323
0.0743,0.6262,0.2309,-3.3074,0.7649
0.1584,-1.2957,-0.594,-2.7262,-3.721
-1.6926,1.0926,1.7622,2.7583,-0.2022
1.6919,0.6524,0.1489,1.5906,3.3281
-1.6135,2.2147,-0.9064,4.0244,0.6718
0.8145,1.127,1.6358,3.9196,2.6438
0.3137,-1.0552,-1.5158,-0.8679,-3.7977
-1.3144,-1.2706,-0.0509,-2.5402,0.6692
-1.5965,1.2888,1.8539,1.735,-1.5965
0.2568,-0.6608,-0.1684,-5.5343,-0.7991
2.1257,0.8287,-1.7812,3.1442,1.0001
-2.2811,-1.7274,0.1446,0.7357,-2.342
0.5169,-2.4654,-0.3821,1.4283,-2.8
1.3635,-3.3246,0.0962,0.7435,-2.5554
-1.8286,-1.8286,1.428,1.843,-1.8286
-0.2787,0.5828,-0.787,5.0111,-0.7843
-1.7487,-1.7487,-1.7487,-1.7487,1.5006
1.9039,2.3053,1.7029,1.2297,-0.3723
2.2923,-0.1366,-0.8605,0.9054,-2.2861
-2.1838,-2.1838,-0.4602,-2.1838,1.1506
-0.8298,-2.4787,-2.7061,0.416,0.0576
2.1999,2.527,2.6907,2.5205,2.8717
-1.0703,0.9061,-2.626,0.6947,0.5003
1.0254,0.8249,3.2204,0.6664,1.9742
0.9505,-0.8187,1.1539,3.1872,-0.9695
-0.6231,-1.3919,0.089,1.6927,-2.6172
0.7496,-1.9652,-3.029,-0.6677,-0.8656
0.1549,-2.0608,-4.0887,-0.6706,-2.5703
0.2222,-2.0312,-0.0339,-2.4636,-4.8155
0.5392,-2.3897,-1.9391,-2.044,0.4923
-0.6668,3.0344,2.8851,1.0093,-0.9387
-1.9259,-0.7405,-0.9297,-2.5669,-0.3876
0.3899,-1.3637,-0.9804,0.2521,4.2077
0.2298,0.9846,0.8448,0.0795,-3.9405
-0.3609,-0.54,-2.1475,0.7723,-4.4259
-0.5899,-0.0968,-1.3896,-2.9251,-3.2861
0.2564,-0.8953,-0.0488,-0.2427,-4.2706
1.9282,-0.6506,2.6921,-0.4284,2.3553
-1.2683,0.5094,-0.344,5.7415,-1.2683
1.7776,0.103,1.4543,1.1348,2.6266
0.6443,2.9625,1.2417,2.7733,3.2821
-2.1618,-0.3475,-0.2366,-0.5621,-2.822
-0.9995,3.2788,0.9767,0.7822,-2.2699
-0.9818,0.7157,1.7556,3.4325,1.0083
2.4785,2.4211,1.5281,1.1611,0.9269
1.0358,2.2653,-1.3085,0.8248,0.2648
1.8246,1.245,-1.1969,1.6519,1.5062
-0.385,0.0016,-2.8657,-0.6198,1.0643
2.3002,2.1816,0.6533,-0.194,1.8073
0.1464,4.069,-0.4857,3.2212,0.5423
1.2569,0.5489,-0.0905,-3.2909,-1.3049
0.468,0.6133,-2.4286,0.0125,-2.3452
-1.0636,-2.9111,-1.2838,-1.754,-2.5422
-0.0624,2.2612,1.3408,4.2181,2.1006
1.5849,-1.7691,1.0576,2.0125,-1.7691
0.8499,-2.7299,-3.0436,0.9797,-1.7391
1.396,-0.7037,0.4936,-2.9818,-2.7997
-0.7724,2.37,0.6645,0.0469,2.5935
-0.3649,1.6915,0.7136,-2.5858,0.8362
0.8097,-2.7181,0.2657,-0.2909,-3.8406
-1.2379,-1.7634,-1.7634,3.3841,0.301
0.9078,0.904,-2.045,0.7098,-1.7607
-1.5223,-3.0627,0.9616,0.4269,-1.3714
-0.0429,-2.0211,0.2298,-1.5502,-3.4105
-0.8548,-3.6986,-3.9174,-1.094,-0.9676
-0.9796,-2.6425,-2.3156,-0.2651,-2.8607
-2.0555,-0.5059,-2.0555,-2.0555,-1.0618
-0.106,-0.3727,-2.4935,-1.0124,-2.9237
-0.8165,1.7295,-0.9553,1.7853,-1.5112
-0.0072,2.2074,-0.4475,2.9711,-0.689
-0.0786,2.435,0.3761,-2.6,1.1892
0.7718,0.0371,1.946,-3.1369,-1.2713
0.0707,2.9149,0.0747,3.5248,2.0035
-1.5978,0.3458,0.6117,3.8982,-0.8881
2.0057,1.5368,-1.5431,1.488,-2.6688
-3.197,-1.3657,-0.2391,-0.191,-1.6833
-2.6242,-1.026,-0.7176,1.6433,-0.9864
-2.602,0.2409,1.6428,-0.5399,0.4203
-0.089,2.2738,-1.8475,-1.7282,-2.1976
-0.4116,1.3799,0.6606,-1.2171,2.5165
1.5864,0.8656,1.1773,2.5405,-1.9412
-1.3592,0.2588,-1.919,-0.6856,-2.7187
-1.8871,-0.383,0.6083,3.6322,-0.899
1.3075,-1.2936,-0.0131,-4.0398,-0.2071
-1.0667,1.2471,-0.3529,4.2319,-0.4852
-0.0251,-3.8482,-0.9593,0.2287,-1.9588
1.2335,3.5145,-1.4356,1.0636,0.4774
0.6408,0.6984,1.4192,2.1667,4.4845
0.3434,-2.1501,0.1664,-3.0878,-2.613
-0.0882,-3.4943,-5.3391,0.2668,-0.6611
0.1061,-2.9462,0.1267,1.9599,-1.5186
2.9657,-0.9604,-1.2577,2.3249,0.2968
1.2681,-0.7362,1.8405,0.7079,-2.4118
-1.35,2.1912,-1.9616,3.6258,0.3394
-0.7757,-0.0959,2.1918,2.7141,2.192
-1.2884,2.5733,0.5168,1.1217,3.3189
1.1571,2.1288,-0.7697,1.9021,-1.8748
2.999,0.0952,-0.6888,-0.7011,1.825
-0.3339,0.7883,2.1129,-2.3449,-1.3842
-1.9082,1.254,-1.958,-0.4415,0.1515
-0.0027,0.1084,0.5295,-0.9918,-3.7193
1.422,-0.3162,2.7836,-1.5531,-1.5531
-2.6258,0.0422,0.4502,2.4844,0.0646
1.7449,-1.9876,-0.5755,2.8213,-0.1991
-0.2415,-2.3774,-1.7529,0.5809,-2.9337
-1.0442,0.9058,-1.9869,-2.077,-1.5299
-1.4371,-3.1879,-2.0062,-0.3196,-0.9518
0.0623,2.8926,-0.3556,-0.6685,-1.8783
0.2189,2.7459,-1.0011,-1.4099,-0.3891
0.8699,3.9702,0.1071,-0.9942,-0.1815
-0.3577,3.2748,-1.0178,-1.0178,-1.0178
-2.0984,-2.623,-0.8251,-2.3902,-1.0607
1.4192,-0.3183,2.6883,2.1213,3.0652
-1.8429,-1.6159,-0.5175,1.9115,1.1996
2.11,-0.0931,-1.1888,-1.1888,4.5513
-2.1368,1.0318,0.6894,-2.1368,-2.1368
1.5574,1.4688,2.2108,0.1551,-1.7926
-1.3283,2.7591,-1.7164,-0.2927,1.1361
-1.4796,1.6871,-0.8641,-0.9306,1.9512
-0.7515,-1.774,-3.2415,0.471,-2.7642
0.771,0.0233,-2.1537,-2.1546,-3.773
2.1613,1.0083,-0.1869,0.387,2.5401
-1.2584,1.129,-1.512,-0.278,-3.3827
0.0982,-2.645,-2.9956,0.3029,-0.5015
0.018,-2.2287,2.6459,0.3013,-1.8173
2.0072,-1.4218,-0.4463,-0.7958,2.4941
-0.6689,1.3822,-2.1257,-0.9719,1.31
-0.0793,-0.037,-1.5534,-0.8936,1.6628
-0.9171,2.1838,-0.1114,0.9649,2.5449
0.1907,2.6615,0.3774,-1.0062,-2.2636
-2.7984,-1.0351,1.0318,1.2173,0.5985
0.7631,-2.4469,1.6903,-0.8501,0.8446
0.885,-0.7497,-1.7176,-1.7176,1.2581
0.4433,-3.2572,-3.1299,-2.5384,-4.9994
2.0531,0.081,-0.5671,-2.3066,-1.6361
-0.1782,-2.0697,-2.9403,-2.2366,-1.0673
1.9704,1.1192,-0.0995,-0.9282,-2.1639
0.7098,3.0974,0.8636,-1.0351,-1.1339
-0.6408,2.5326,-0.6865,-0.096,-1.9108
-1.1817,1.4582,0.4719,-1.3929,-2.4906
0.0174,-2.2674,-1.2287,3.6879,-0.4433
1.1514,2.1944,2.7324,0.3933,0.5336
-0.6033,2.6624,-0.3215,0.865,1.895
-1.6744,0.7425,2.0465,0.3831,-2.0807
-1.9074,-1.9074,0.0763,2.4004,-1.9074
-2.4666,1.1684,-2.4666,0.9939,-2.4666
0.1881,-2.9828,-2.3584,-1.7139,-4.2078
0.2426,-1.5631,-0.0779,-3.5497,-1.7296
-3.9696,-1.9189,0.4309,-0.6793,-2.0393
-0.9983,-2.1471,-2.8479,0.5114,-2.6514
-1.1856,1.642,-2.9211,0.9714,0.8854
3.6262,0.0658,-1.8705,0.7688,-1.8705
2.3534,-2.0036,-2.0036,2.207,-2.0036
0.1301,2.4802,-0.2267,-1.6302,-1.6302
1.4212,0.6957,-0.3028,-2.6497,-0.5603
-0.437,-2.5966,-0.908,-0.6867,-3.2229
-0.2425,1.2765,2.954,2.3344,-0.12
1.0014,2.3702,-0.7881,-0.1509,-1.2666
0.3459,-0.8535,0.162,-5.3031,0.3219
0.7368,-0.6045,-0.6573,-0.6045,4.2881
-0.9969,0.7543,2.9569,-0.0857,-1.7339
0.3689,-3.2531,0.0094,-0.2657,-3.7177
-1.1208,-0.0463,-2.7158,-1.4385,-1.302
-1.9786,1.2751,-0.0386,3.2455,-1.9786
-0.175,0.218,-2.7941,-1.8926,-1.7494
1.0212,2.701,-0.3117,-0.356,-0.5724
-1.5697,-1.6582,-0.2119,-2.958,-1.8619
0.9037,0.2473,1.1083,-2.7264,1.2743
0.8677,-0.7574,0.2162,3.2545,0.4581
-2.6098,0.2604,1.5542,-0.6589,-1.279
1.2109,-0.4501,2.4117,2.3669,0.5299
0.7025,-3.255,0.664,-0.7931,-2.6069
1.4471,1.6158,2.1611,-0.787,-0.2922
-0.4051,0.5993,0.6066,-3.2627,-0.8699
0.8263,0.1449,0.1183,3.7631,-1.7757
0.7074,1.4494,3.2046,1.7547,0.6129
1.5045,1.3486,-0.0843,2.0101,-2.7376
-2.5474,-4.3854,0.5086,0.693,-4.383
0.9256,2.935,0.6301,3.1395,-0.0548
-0.3494,2.8251,0.4096,0.7222,-2.2738
-1.8508,1.6147,1.0108,0.3897,-2.0085
-0.46,-0.4029,-0.891,4.6594,-1.6795
1.6727,1.5926,-0.1403,1.4272,3.2961
-0.3546,-0.1416,1.4613,2.5181,2.309
-2.366,-2.366,-1.4466,1.065,-2.366
1.8801,1.3542,-1.7067,-0.1492,-0.8205
-1.3989,1.0105,2.3239,3.2668,0.0837
1.8092,-2.1756,0.7443,0.4055,-2.9067
0.0274,0.2503,2.9748,-0.3564,-1.9946
1.3921,0.7737,2.0529,2.7521,3.2684
2.7406,-0.2622,-1.7238,1.3184,-1.7238
1.661,-2.404,-1.6609,0.7898,-2.404
-1.6803,0.8326,0.3305,-1.6803,2.0651
-1.4722,-2.0918,-2.4044,-2.1123,-0.9557
2.5991,-0.5958,0.6144,1.4798,-1.8974
-1.9082,1.2053,-1.5202,1.137,1.5616
0.7685,-2.7631,0.8089,-1.2004,1.6691
0.4908,2.8494,0.5682,2.8504,2.6247
1.117,1.2476,1.3497,-2.1006,-0.2654
2.1087,2.6339,0.7208,0.9927,1.3963
-0.7095,0.5104,1.7256,-3.2112,0.6577
-1.8073,0.7351,-0.3942,-1.8073,1.7425
-0.5626,0.1139,-2.1035,2.8628,1.1817
-0.9576,1.295,-0.1123,-3.8151,0.9942
1.205,0.1854,3.1909,1.6315,0.1912
1.0556,-0.5311,3.2672,1.8306,0.3067
0.6037,-1.0686,3.8452,2.0967,-1.3645
0.3974,-1.3691,-1.9237,-0.312,-3.1692
-0.3164,0.1402,-2.395,-0.4942,1.3526
-0.293,2.1989,-1.6595,2.1093,-0.2668
0.6993,0.1597,-0.6177,-3.6566,0.63
-1.4047,-0.0021,0.786,3.4163,1.329
-2.9707,-1.1596,0.0832,0.4112,-0.3027
-0.291,1.3487,0.1905,-3.3236,-4.9499
1.4608,-1.6942,0.2023,-2.9181,-3.5653
-0.7865,-0.1592,3.5497,1.2892,-0.8457
-0.2255,-3.4806,-2.1227,-0.2409,-3.7557
-1.0354,-1.7749,-0.4489,0.403,-3.7435
-0.5509,0.5524,-1.0361,-2.893,0.5499
-1.9454,-1.9454,-1.9454,4.1162,-1.9454
0.278,3.2173,-2.0125,0.1467,-0.6474
-0.3975,2.558,-0.7036,-1.2859,2.3579
1.9631,1.8589,-0.7018,2.7466,2.746
0.6928,-1.0461,1.6996,2.9736,1.7077
0.4208,-1.6363,-3.9322,-1.5619,-3.1408
0.8338,-3.075,-0.7443,-1.9837,-3.7603
-0.5636,-0.6116,1.5943,-2.3945,-0.8277
-0.7471,1.6665,-0.3747,-0.0132,2.7428
-1.8095,0.422,-1.4409,0.8932,-2.379
2.0745,3.5299,-0.3389,-0.8509,-0.4964
-1.6013,1.6186,1.6684,-1.6013,0.3357
1.5875,-2.4069,0.0546,-1.2716,-3.4394
0.3681,-0.0666,-3.0892,-0.1315,0.3528
-2.2631,-2.2631,-2.2631,-2.2631,-2.2631
-1.6009,1.7993,-1.6009,2.6389,-1.6009
-2.2082,0.6055,0.7128,-2.2082,0.5456
0.4103,0.6874,-0.2635,-2.4435,-4.5635
-0.5329,-0.1948,-2.0243,0.4486,1.3766
0.6918,0.859,1.3056,4.4746,0.5818
1.0053,2.0028,-1.3332,0.9662,-1.6345
0.7369,-2.4355,-0.5222,-1.7112,-3.0172
-0.9317,-2.805,-4.6006,-1.7127,-2.5339
-0.1904,-2.1794,-1.1793,0.6723,-3.441
1.717,0.686,-2.4346,-1.0941,-1.6213
-1.6646,0.873,-0.1782,4.029,-1.6646
-0.3746,0.8881,1.2675,-1.4336,-2.8377
0.7086,0.6486,-2.7838,1.9723,0.8132
1.2145,-1.9021,-1.1704,2.8853,-0.571
0.5179,-0.5057,-3.9834,-0.5962,-1.3184
1.9774,2.1425,0.8118,2.6378,0.4164
-1.0929,0.2603,-0.1018,1.6899,3.4364
0.3312,-1.1673,4.3494,-0.5401,-0.3945
1.7935,-1.4885,1.3658,2.8077,1.6074
1.7629,-1.5563,1.2473,1.5055,-1.5563
0.6766,3.8508,-1.0363,-0.6727,0.1726
1.4945,1.9004,-1.902,-2.2371,-0.6362
1.7893,1.3187,-1.6822,-0.0716,1.7944
2.3131,-0.7796,-1.1766,2.9809,-0.6635
2.8857,1.2294,2.3565,1.6875,0.0828
0.082,-0.5906,0.8241,-5.1484,0.2485
0.3356,0.3074,-1.2851,0.8284,2.4631
-1.4715,-0.4401,2.5003,2.0629,-0.2726
-0.3284,-0.4349,2.869,1.941,0.6715
0.5852,-0.0956,3.4191,2.6686,2.2452
1.4325,-1.3508,-3.5219,-0.322,-0.3859
3.3806,-1.5226,-0.3443,0.7838,-2.4007
2.9441,0.2955,-1.1284,1.2627,-0.9681
2.909,-0.6108,-1.4322,1.1906,-1.6375
-0.7821,-3.7105,-0.791,1.4944,-1.7325
0.2694,-3.0995,-0.1835,0.8745,-2.5525
-0.4643,-1.4518,0.3922,-2.1737,-3.0798
0.04,-0.8627,1.3166,-0.6427,-2.9205
1.5474,1.2872,2.4401,-1.6848,-1.9129
1.861,-0.5527,0.7136,-2.5604,0.7357
2.5435,1.6859,-1.0039,-1.2386,-1.2386
2.4655,2.326,0.9609,-1.2062,-0.8714
2.5852,1.7014,0.4333,0.4435,-1.3383
-0.3293,1.4662,0.3857,3.1341,3.1039
1.7135,2.2814,1.9181,1.3249,0.7275
0.6961,3.527,0.1805,0.0224,-0.3528
2.185,-0.4536,-2.0615,-0.9328,-2.0615
0.382,-0.4003,0.3456,4.424,-1.5222
0.7666,-2.8629,0.3449,-0.0968,-2.8629
0.7702,1.4154,-2.2523,-0.6013,-0.9944
-0.64,-2.6617,-0.6886,-1.3206,1.3499
0.2836,1.9894,2.888,3.2969,2.6157
0.0186,2.9167,-1.879,0.684,1.3403
0.0231,-1.9101,0.2482,-0.2805,-3.0854
0.7826,-2.1041,-6.8055,0.5873,-0.8117
0.7529,-0.8623,-2.3299,0.8851,1.6496
-1.0207,-0.3211,-2.8013,-1.2999,-0.0843
1.2625,-0.9408,-2.3898,1.8316,1.3446
-0.8163,0.227,0.25,-2.4336,-3.419
-0.0802,-0.1623,-0.2767,-3.5959,-5.311
0.645,-0.7266,3.9403,0.2211,0.0783
2.1845,-1.0698,1.1611,0.1225,-2.0871
-0.3186,-1.333,-3.8073,-1.1289,-0.727
-0.415,-1.3525,-2.3889,0.5936,-3.4687
-0.5918,1.608,1.4157,2.6964,2.9318
-0.4504,0.4025,-0.1273,3.9417,0.0984
1.0319,0.0976,-2.4455,1.3914,0.1793
1.3238,-1.5117,-2.0231,-0.8419,0.8235
-1.9241,-1.3207,0.4797,1.7495,1.4765
-1.6591,-2.7861,0.8292,1.3767,-0.0563
-2.1116,1.1679,1.7303,-0.7996,-2.1116
-1.4266,0.1758,-1.4266,5.8757,-1.4266
-0.1515,-2.3118,-3.3726,-4.1193,-2.7689
-0.1569,-2.2804,-3.4628,-3.4628,-3.0652
-2.6797,-0.0857,1.6113,0.472,0.3484
1.0783,0.0571,4.7937,1.0693,-1.0786
-0.3457,-1.1677,-0.7136,-2.5555,-3.5884
-0.2452,1.2862,-1.7218,-3.099,-2.7248
0.8356,-0.0267,-1.4143,-0.8533,2.0483
-2.3474,-2.9099,-0.0021,-0.9624,-0.9284
1.5214,1.3136,1.251,-1.8182,2.3259
0.4492,2.3686,-3.2657,-1.3779,-1.5612
-0.659,-1.9909,-3.7821,-2.7593,-3.7821
-0.1471,-1.5184,-2.71,2.2457,0.2449
2.2593,0.4753,-0.9534,-0.9534,5.4394
0.088,-1.0297,1.8073,-2.0334,-3.5613
-0.7429,-3.3653,-0.0937,-0.7375,-3.8578
3.3044,-0.0549,-1.924,2.4714,-1.924
0.8191,-3.0387,2.1067,0.7697,-1.4199
0.733,1.6849,-1.1675,1.6514,2.2582
-1.1828,-1.6612,0.4336,-0.6027,-3.0943
1.1983,2.0383,-1.2961,2.9315,1.0855
2.1261,-0.6874,0.889,1.5455,3.064
1.375,-1.9655,1.411,2.0763,0.8615
-0.3121,-0.3706,-0.7575,0.9897,-4.0219
-1.7909,-0.5919,-3.6691,-1.0272,-0.1186
-0.6962,-0.5571,-0.0692,-1.8788,-3.801
2.0837,1.1287,3.34,1.3243,0.605
0.2687,0.9712,-2.6441,-1.457,-2.8732
0.6552,-0.1465,-1.7152,3.5767,-0.0731
-0.9833,-3.5609,-0.4947,-1.7995,0.4771
1.6417,2.3296,-0.4146,2.9986,-0.5011
-1.0244,-4.5385,0.649,-1.0168,-0.8775
-1.5255,-0.0737,-1.5255,3.2255,0.0471
0.9005,1.3197,-1.951,2.4332,0.3049
-2.5552,-0.0126,-2.3056,-0.8179,-3.1762
-1.2515,-1.1587,-1.8917,-2.0387,-3.3036
-0.2495,-0.1995,3.0112,-1.2136,-1.3655
0.4143,2.0667,-1.5921,0.477,0.1453
-0.6513,-2.8419,2.1708,-0.3322,-0.4042
-0.725,0.0538,2.9102,2.1318,0.6667
-1.8205,-1.7805,-2.0222,-2.0986,-2.9613
0.4017,-1.6095,-2.9,-1.4014,0.0738
-1.5205,0.1014,-2.4269,0.0712,0.7012
-0.3522,0.7428,-2.5082,0.023,-0.2259
-0.6413,-1.4476,-1.5247,0.6437,-4.3222
-0.2495,-1.5881,-1.5881,2.1434,1.7786
-1.2802,-2.4665,-1.1449,-2.5736,-0.3262
-0.0693,-1.2418,-3.4206,-2.0635,-2.5126
3.4989,3.1616,1.2476,1.5299,2.6371
0.958,4.8555,1.0954,0.2914,-0.2522
1.2963,1.077,-1.3614,1.3516,-3.1165
0.1729,2.2799,-1.293,-0.6243,2.9117
1.5312,-0.417,0.6911,6.8251,-0.3253
-2.686,-0.6328,1.4546,0.1381,-2.1374
1.0976,-1.0408,-0.8882,-3.1036,-2.9275
-1.51,1.1907,-2.7864,0.1126,-1.7525
-0.8622,-0.8282,-0.1755,3.463,2.4854
-1.4321,-4.7219,-0.6024,-3.6364,-5.2877
1.6239,0.3309,3.3368,2.9814,-0.8784
0.9766,0.2577,2.8252,2.2089,-0.6968
1.7821,-2.2331,-0.3296,3.6666,-0.284
-0.1196,2.0092,3.9608,2.2613,3.3049
-1.2006,1.6962,-1.3247,0.6014,-1.5997
-0.4915,-1.8106,-1.5817,-2.2199,-3.4711
0.4836,0.5411,-0.0447,3.7712,1.4884
1.9591,1.0298,1.0609,-1.8797,1.3671
1.2755,-1.0182,-2.4392,2.0375,-2.3524
-0.4302,-2.178,-4.1222,-1.0455,-3.6247
-0.4778,1.7903,3.2746,2.1096,-1.0088
1.2409,3.4376,0.8182,1.8012,-1.0761
-1.9082,-0.0212,1.151,3.4402,2.685
-1.666,-1.666,2.5202,-1.666,-1.666
-0.0322,-2.7433,-1.9066,-0.8096,0.9826
1.9241,1.0401,2.3154,2.8157,2.3464
-1.4384,-0.3817,0.8799,-1.4384,2.2913
-1.0642,-1.0996,-0.6589,-3.5005,-0.0468
0.9763,-1.2583,0.3174,-3.1248,-1.3173
0.5224,1.4259,2.0618,1.4118,-2.74
-0.2919,-2.9017,-0.5446,0.4426,-2.9017
0.6423,-0.2683,2.9092,0.7708,2.2245
-1.653,0.1194,0.2964,4.0922,0.6272
-1.5209,-3.044,-0.5763,-3.1617,0.3954
0.6344,0.6932,0.5687,0.2133,7.8009
0.2249,-1.3174,1.8531,-3.0697,-2.1591
1.5859,-1.4764,0.1182,1.1669,-3.0219
-1.6743,-3.4045,-1.3396,-3.1779,-1.7846
-2.114,-2.0716,1.0107,-1.7701,0.0837
-3.5318,-0.7725,0.3765,0.1599,0.9327
-2.7275,-4.5938,0.3138,-0.1775,0.3635
-3.5865,-1.8777,0.2842,0.4993,0.1143
-2.3501,-2.8404,-0.7516,-2.2379,-1.4378
-0.9554,-2.4368,-1.2863,-1.6028,1.2319
-3.7919,-2.7786,-0.1588,-0.9901,0.4442
0.4637,-3.1803,0.9518,-1.3818,1.0769
-4.906,-2.2281,0.2917,-0.4158,-0.1322
-2.7099,-2.0029,-1.1965,-2.0729,-1.346
-1.4317,-4.4148,-0.2725,0.6109,0.065
-2.0527,-1.4013,-2.1799,-0.713,0.2047
-2.8334,-2.6642,0.0137,-2.6931,1.3819
-2.2958,-3.161,0.8834,-0.784,0.0984
-1.5009,-0.7812,-0.1316,0.9112,2.9688
-1.9034,-1.3766,-0.798,-0.3167,-2.8636
-2.9015,-1.5983,-0.9287,0.0514,-2.2336
-3.4411,-0.7071,-0.0308,1.295,0.9717
-3.445,-0.2486,-0.3654,-0.3122,1.5194
0.7219,-1.0092,-2.1976,0.0068,-4.3547
-2.4842,-2.4842,-0.4189,-0.3587,-0.6459
-3.7626,-3.1504,0.6064,1.3054,1.2926
-3.0229,-1.7427,-0.1235,-1.131,-0.9503
1.9071,-2.5057,-1.6946,0.7398,1.8256
-1.9422,-4.36,-0.8485,-1.4558,0.3669
-3.0259,-3.6626,-0.2396,-0.94,0.4597
-5.2569,-2.1992,0.1192,-0.9344,-4.7599
-0.1918,-0.8599,-0.0866,-1.7589,1.8836
0.0803,-3.5894,-0.1974,2.0088,1.0895
0.1166,-1.3624,-2.7098,-2.3769,-0.7025
-1.6198,0.9308,-2.0491,-0.9687,-0.4608
1.1321,-0.4553,-3.519,-1.4061,-1.7714
